post_id,post_title,post_author,post_body,post_url,post_pic,subreddit,post_timestamp,post_upvotes,post_permalink,comment_index,comment_author,comment_body,comment_timestamp,comment_upvotes,comment_permalink,reply_count,reply_upvotes_sum,has_replies
1001ghj,"“The entire world is in trouble, and it’s weird that most people are focusing on the bodies themselves instead of the situation we’re in.” – Jennifer Byrnes, forensic anthropologist #GlobalCarbonFeeAndDividendPetition",Keith_McNeill65,,https://www.theguardian.com/environment/2022/dec/31/lake-mead-human-remains-identification-climate-crisis?utm_term=63b032515149cdb35461e655e509e657&utm_campaign=GuardianTodayUS&utm_source=esp&utm_medium=Email&CMP=GTUS_email,,climate,12/31/22 19:19,698,/r/climate/comments/1001ghj/the_entire_world_is_in_trouble_and_its_weird_that/,0,just-cuz-i,"“Climate change is so bad that an entire lake is disappearing, threatening the very existence of several major cities and revealing a century of evidence of crime and waste.”

“Crime! Let’s talk about that!!1!1!”",12/31/22 21:01,115,/r/climate/comments/1001ghj/the_entire_world_is_in_trouble_and_its_weird_that/j2f9s26/,1,47.0,True
10036hv,New York Approves Human Composting Law,wewewawa,,https://time.com/6243892/new-york-approves-human-composting-law/,,sustainability,12/31/22 20:42,314,/r/sustainability/comments/10036hv/new_york_approves_human_composting_law/,0,wewewawa,"For Fischer, this alternative, green method of burial aligns with his philosophical view on life: to live in an environmentally conscious way.

The process goes like this:",12/31/22 20:42,6,/r/sustainability/comments/10036hv/new_york_approves_human_composting_law/j2f7408/,1,7.0,True
1006cei,High-efficiency water filter removes 99.9% of microplastics in 10 seconds,WashingtonPass,,https://newatlas.com/environment/high-efficiency-water-filter-99-9-microplastics-10-seconds/,,environment,12/31/22 23:19,3656,/r/environment/comments/1006cei/highefficiency_water_filter_removes_999_of/,0,newt_37,Great. How do we get it to scale and help our natural waters without harming the inhabitants?,1/1/23 2:25,432,/r/environment/comments/1006cei/highefficiency_water_filter_removes_999_of/j2gghl5/,5,274.0,True
1006cei,High-efficiency water filter removes 99.9% of microplastics in 10 seconds,WashingtonPass,,https://newatlas.com/environment/high-efficiency-water-filter-99-9-microplastics-10-seconds/,,environment,12/31/22 23:19,3656,/r/environment/comments/1006cei/highefficiency_water_filter_removes_999_of/,1,xeneks,"Is the filter recyclable? Or does it, itself, create a plastic waste disposal issue?",1/1/23 4:12,69,/r/environment/comments/1006cei/highefficiency_water_filter_removes_999_of/j2gshdf/,2,44.0,True
1006cei,High-efficiency water filter removes 99.9% of microplastics in 10 seconds,WashingtonPass,,https://newatlas.com/environment/high-efficiency-water-filter-99-9-microplastics-10-seconds/,,environment,12/31/22 23:19,3656,/r/environment/comments/1006cei/highefficiency_water_filter_removes_999_of/,2,,And where do the filtered out microplastics go?,1/1/23 3:52,13,/r/environment/comments/1006cei/highefficiency_water_filter_removes_999_of/j2gqb7a/,1,19.0,True
100jvm8,Gen Z climate activist Greta Thunberg’s putdown of macho troll Andrew Tate has quickly become one of the most-liked tweets ever,GeraldKutney,,https://fortune.com/2022/12/31/gen-z-climate-activist-greta-thunbergs-putdown-of-macho-troll-andrew-tate-has-quickly-become-one-of-the-most-liked-tweets-ever/,,climate,1/1/23 13:38,8128,/r/climate/comments/100jvm8/gen_z_climate_activist_greta_thunbergs_putdown_of/,0,,I think you mean sex trafficker Andrew Tate,1/1/23 16:06,357,/r/climate/comments/100jvm8/gen_z_climate_activist_greta_thunbergs_putdown_of/j2igqct/,1,0.0,True
100jvm8,Gen Z climate activist Greta Thunberg’s putdown of macho troll Andrew Tate has quickly become one of the most-liked tweets ever,GeraldKutney,,https://fortune.com/2022/12/31/gen-z-climate-activist-greta-thunbergs-putdown-of-macho-troll-andrew-tate-has-quickly-become-one-of-the-most-liked-tweets-ever/,,climate,1/1/23 13:38,8128,/r/climate/comments/100jvm8/gen_z_climate_activist_greta_thunbergs_putdown_of/,1,Parabola_Cunt,"Greta, if you’re listening out there in the cosmos, I am but a lowly 40 year old overweight man with a family. Please save us from Andrew Taint and the climate and our general lack of coolness compared to you. I hate to say it, but you are our only hope. #gretaforallthepresidencies",1/1/23 14:45,321,/r/climate/comments/100jvm8/gen_z_climate_activist_greta_thunbergs_putdown_of/j2i6zbt/,10,169.0,True
100jvm8,Gen Z climate activist Greta Thunberg’s putdown of macho troll Andrew Tate has quickly become one of the most-liked tweets ever,GeraldKutney,,https://fortune.com/2022/12/31/gen-z-climate-activist-greta-thunbergs-putdown-of-macho-troll-andrew-tate-has-quickly-become-one-of-the-most-liked-tweets-ever/,,climate,1/1/23 13:38,8128,/r/climate/comments/100jvm8/gen_z_climate_activist_greta_thunbergs_putdown_of/,2,fujidust,"I think they are referring to this tweet:

https://twitter.com/GretaThunberg/status/1608056944501178368?s=20&t=tEBf6rOSkaGpzhpNE_Bb8g*",1/2/23 1:58,12,/r/climate/comments/100jvm8/gen_z_climate_activist_greta_thunbergs_putdown_of/j2kunlt/,2,7.0,True
100jvm8,Gen Z climate activist Greta Thunberg’s putdown of macho troll Andrew Tate has quickly become one of the most-liked tweets ever,GeraldKutney,,https://fortune.com/2022/12/31/gen-z-climate-activist-greta-thunbergs-putdown-of-macho-troll-andrew-tate-has-quickly-become-one-of-the-most-liked-tweets-ever/,,climate,1/1/23 13:38,8128,/r/climate/comments/100jvm8/gen_z_climate_activist_greta_thunbergs_putdown_of/,3,Senior_Accident2278,Elon will jack up the likes on one of his tweets so he can have more likes and p0wn her. Just watch.,1/1/23 14:28,66,/r/climate/comments/100jvm8/gen_z_climate_activist_greta_thunbergs_putdown_of/j2i55du/,2,16.0,True
100jvm8,Gen Z climate activist Greta Thunberg’s putdown of macho troll Andrew Tate has quickly become one of the most-liked tweets ever,GeraldKutney,,https://fortune.com/2022/12/31/gen-z-climate-activist-greta-thunbergs-putdown-of-macho-troll-andrew-tate-has-quickly-become-one-of-the-most-liked-tweets-ever/,,climate,1/1/23 13:38,8128,/r/climate/comments/100jvm8/gen_z_climate_activist_greta_thunbergs_putdown_of/,4,greihund,Elon Musk probably owes her about a billion dollars for the good news coming from his platform. But what is it about Elon Musk that makes me think that next year he might turn out to be a climate change denier who advocates for continued coal use,1/1/23 16:50,17,/r/climate/comments/100jvm8/gen_z_climate_activist_greta_thunbergs_putdown_of/j2imktz/,2,8.0,True
100jvm8,Gen Z climate activist Greta Thunberg’s putdown of macho troll Andrew Tate has quickly become one of the most-liked tweets ever,GeraldKutney,,https://fortune.com/2022/12/31/gen-z-climate-activist-greta-thunbergs-putdown-of-macho-troll-andrew-tate-has-quickly-become-one-of-the-most-liked-tweets-ever/,,climate,1/1/23 13:38,8128,/r/climate/comments/100jvm8/gen_z_climate_activist_greta_thunbergs_putdown_of/,5,DMayr,Worst paywall ever.,1/2/23 2:31,6,/r/climate/comments/100jvm8/gen_z_climate_activist_greta_thunbergs_putdown_of/j2kyve7/,1,1.0,True
100jvm8,Gen Z climate activist Greta Thunberg’s putdown of macho troll Andrew Tate has quickly become one of the most-liked tweets ever,GeraldKutney,,https://fortune.com/2022/12/31/gen-z-climate-activist-greta-thunbergs-putdown-of-macho-troll-andrew-tate-has-quickly-become-one-of-the-most-liked-tweets-ever/,,climate,1/1/23 13:38,8128,/r/climate/comments/100jvm8/gen_z_climate_activist_greta_thunbergs_putdown_of/,6,ConsciousCr8or,Needs subscription to read. Is there an open link,1/2/23 0:08,3,/r/climate/comments/100jvm8/gen_z_climate_activist_greta_thunbergs_putdown_of/j2kfsn3/,1,2.0,True
100jvm8,Gen Z climate activist Greta Thunberg’s putdown of macho troll Andrew Tate has quickly become one of the most-liked tweets ever,GeraldKutney,,https://fortune.com/2022/12/31/gen-z-climate-activist-greta-thunbergs-putdown-of-macho-troll-andrew-tate-has-quickly-become-one-of-the-most-liked-tweets-ever/,,climate,1/1/23 13:38,8128,/r/climate/comments/100jvm8/gen_z_climate_activist_greta_thunbergs_putdown_of/,7,Ceptor777,I rather have a macho troll to deal with then a lil girl with a built up ego serving elite agendas !,1/2/23 7:08,1,/r/climate/comments/100jvm8/gen_z_climate_activist_greta_thunbergs_putdown_of/j2lt40e/,1,1.0,True
100jvm8,Gen Z climate activist Greta Thunberg’s putdown of macho troll Andrew Tate has quickly become one of the most-liked tweets ever,GeraldKutney,,https://fortune.com/2022/12/31/gen-z-climate-activist-greta-thunbergs-putdown-of-macho-troll-andrew-tate-has-quickly-become-one-of-the-most-liked-tweets-ever/,,climate,1/1/23 13:38,8128,/r/climate/comments/100jvm8/gen_z_climate_activist_greta_thunbergs_putdown_of/,8,julioqc,Sure but the body shaming part is a bit off brand tbh...,1/1/23 17:49,-24,/r/climate/comments/100jvm8/gen_z_climate_activist_greta_thunbergs_putdown_of/j2iuu1f/,3,39.0,True
100jvm8,Gen Z climate activist Greta Thunberg’s putdown of macho troll Andrew Tate has quickly become one of the most-liked tweets ever,GeraldKutney,,https://fortune.com/2022/12/31/gen-z-climate-activist-greta-thunbergs-putdown-of-macho-troll-andrew-tate-has-quickly-become-one-of-the-most-liked-tweets-ever/,,climate,1/1/23 13:38,8128,/r/climate/comments/100jvm8/gen_z_climate_activist_greta_thunbergs_putdown_of/,9,Ceptor777,"Greta and the social engineers behind her want males to act like females and females act like man .. look at the data generated from te last years .. the whole so called modern feminist agenda is placed to mislead younger females creating porn pages in order to gain funds .. 

Stop eating out the hands of these vultures and think for yourself ! 

Greta is being pushed , the ones behind her have real bad agendas 

Do the research and see for yourself !",1/2/23 6:49,-2,/r/climate/comments/100jvm8/gen_z_climate_activist_greta_thunbergs_putdown_of/j2lrh09/,2,2.0,True
100jvm8,Gen Z climate activist Greta Thunberg’s putdown of macho troll Andrew Tate has quickly become one of the most-liked tweets ever,GeraldKutney,,https://fortune.com/2022/12/31/gen-z-climate-activist-greta-thunbergs-putdown-of-macho-troll-andrew-tate-has-quickly-become-one-of-the-most-liked-tweets-ever/,,climate,1/1/23 13:38,8128,/r/climate/comments/100jvm8/gen_z_climate_activist_greta_thunbergs_putdown_of/,10,andrew314159,"The body shaming tweet? Great he was arrested and he is a horrible person. That said I thought body shaming was falling out of fashion

Edit: to be clear I am no fan of Tate. He seems like terrible person from what I’ve heard",1/1/23 16:28,-42,/r/climate/comments/100jvm8/gen_z_climate_activist_greta_thunbergs_putdown_of/j2ijmid/,6,33.0,True
100jvm8,Gen Z climate activist Greta Thunberg’s putdown of macho troll Andrew Tate has quickly become one of the most-liked tweets ever,GeraldKutney,,https://fortune.com/2022/12/31/gen-z-climate-activist-greta-thunbergs-putdown-of-macho-troll-andrew-tate-has-quickly-become-one-of-the-most-liked-tweets-ever/,,climate,1/1/23 13:38,8128,/r/climate/comments/100jvm8/gen_z_climate_activist_greta_thunbergs_putdown_of/,11,ComputerWorth3327,Greta only amuses the idiots that want to tax away bad weather and heat the world with solar panels. Not very educated people.,1/2/23 1:50,-8,/r/climate/comments/100jvm8/gen_z_climate_activist_greta_thunbergs_putdown_of/j2ktiu1/,2,10.0,True
100jvm8,Gen Z climate activist Greta Thunberg’s putdown of macho troll Andrew Tate has quickly become one of the most-liked tweets ever,GeraldKutney,,https://fortune.com/2022/12/31/gen-z-climate-activist-greta-thunbergs-putdown-of-macho-troll-andrew-tate-has-quickly-become-one-of-the-most-liked-tweets-ever/,,climate,1/1/23 13:38,8128,/r/climate/comments/100jvm8/gen_z_climate_activist_greta_thunbergs_putdown_of/,12,orangesun845,She is such a tool.,1/1/23 18:13,-40,/r/climate/comments/100jvm8/gen_z_climate_activist_greta_thunbergs_putdown_of/j2iyczj/,3,28.0,True
100jvm8,Gen Z climate activist Greta Thunberg’s putdown of macho troll Andrew Tate has quickly become one of the most-liked tweets ever,GeraldKutney,,https://fortune.com/2022/12/31/gen-z-climate-activist-greta-thunbergs-putdown-of-macho-troll-andrew-tate-has-quickly-become-one-of-the-most-liked-tweets-ever/,,climate,1/1/23 13:38,8128,/r/climate/comments/100jvm8/gen_z_climate_activist_greta_thunbergs_putdown_of/,13,dotcomslashwhatever,a generic unoriginal frankly tame response is marked as a take down,1/1/23 21:51,-13,/r/climate/comments/100jvm8/gen_z_climate_activist_greta_thunbergs_putdown_of/j2jvz4l/,1,8.0,True
100k134,"Ringing in the new year with kindness! A New Year's Eve fireworks display in Scarborough, England was cancelled at the last minute to protect a visiting Arctic walrus. The event was called off over fears it ""could cause distress to the mammal"".",Firm_Relative_7283,,https://www.bbc.com/news/uk-england-york-north-yorkshire-64139048,,environment,1/1/23 13:46,3918,/r/environment/comments/100k134/ringing_in_the_new_year_with_kindness_a_new_years/,0,halfanothersdozen,"""Okay"" - Everyone's dog",1/1/23 14:18,283,/r/environment/comments/100k134/ringing_in_the_new_year_with_kindness_a_new_years/j2i43yr/,1,33.0,True
100k134,"Ringing in the new year with kindness! A New Year's Eve fireworks display in Scarborough, England was cancelled at the last minute to protect a visiting Arctic walrus. The event was called off over fears it ""could cause distress to the mammal"".",Firm_Relative_7283,,https://www.bbc.com/news/uk-england-york-north-yorkshire-64139048,,environment,1/1/23 13:46,3918,/r/environment/comments/100k134/ringing_in_the_new_year_with_kindness_a_new_years/,1,SapiusRex,All loud fireworks should be banned to avoid distressing all manner of wildlife.,1/1/23 14:00,271,/r/environment/comments/100k134/ringing_in_the_new_year_with_kindness_a_new_years/j2i2ccn/,5,164.0,True
100k134,"Ringing in the new year with kindness! A New Year's Eve fireworks display in Scarborough, England was cancelled at the last minute to protect a visiting Arctic walrus. The event was called off over fears it ""could cause distress to the mammal"".",Firm_Relative_7283,,https://www.bbc.com/news/uk-england-york-north-yorkshire-64139048,,environment,1/1/23 13:46,3918,/r/environment/comments/100k134/ringing_in_the_new_year_with_kindness_a_new_years/,2,rubberloves,is this the walrus we all saw jerking off?,1/1/23 16:22,27,/r/environment/comments/100k134/ringing_in_the_new_year_with_kindness_a_new_years/j2iittd/,1,12.0,True
100k134,"Ringing in the new year with kindness! A New Year's Eve fireworks display in Scarborough, England was cancelled at the last minute to protect a visiting Arctic walrus. The event was called off over fears it ""could cause distress to the mammal"".",Firm_Relative_7283,,https://www.bbc.com/news/uk-england-york-north-yorkshire-64139048,,environment,1/1/23 13:46,3918,/r/environment/comments/100k134/ringing_in_the_new_year_with_kindness_a_new_years/,3,,"He clearly appreciated it, he looked sooo relaxed in the videos - celebrating Palm Sunday while celebrating NYE!",1/1/23 15:28,10,/r/environment/comments/100k134/ringing_in_the_new_year_with_kindness_a_new_years/j2ibxhy/,1,1.0,True
100k8mk,2022 Will Be Remembered as the Year the U.S. Became the World’s Largest Exporter of Liquified Natural Gas - Inside Climate News,darth_nadoma,,https://insideclimatenews.org/news/01012023/liquified-natural-gas-lng-exports-2022/,,energy,1/1/23 13:58,461,/r/energy/comments/100k8mk/2022_will_be_remembered_as_the_year_the_us_became/,0,mafco,">“President Biden has a clear blindspot when it comes to liquefied natural gas,” said Lukas Ross, a program manager at Friends of the Earth, an advocacy group. “What good is a carbon-free power sector by 2035 if the U.S. becomes even more of an exporting powerhouse?”

Fuck these ignorant takes. The US increased gas exports in a direct response to Putin's cutting off gas supplies to Europe, which helped keep Europeans from freezing to death and their economy from collapsing. Do these bedwetters really not comprehend the difference between short term necessity and long term strategy? Stupid article.",1/1/23 16:23,64,/r/energy/comments/100k8mk/2022_will_be_remembered_as_the_year_the_us_became/j2iiy16/,5,-15.0,True
100k8mk,2022 Will Be Remembered as the Year the U.S. Became the World’s Largest Exporter of Liquified Natural Gas - Inside Climate News,darth_nadoma,,https://insideclimatenews.org/news/01012023/liquified-natural-gas-lng-exports-2022/,,energy,1/1/23 13:58,461,/r/energy/comments/100k8mk/2022_will_be_remembered_as_the_year_the_us_became/,1,Captainirishy,Very convenient that nord stream 2 blew up,1/2/23 1:33,10,/r/energy/comments/100k8mk/2022_will_be_remembered_as_the_year_the_us_became/j2krb1j/,1,2.0,True
100k8mk,2022 Will Be Remembered as the Year the U.S. Became the World’s Largest Exporter of Liquified Natural Gas - Inside Climate News,darth_nadoma,,https://insideclimatenews.org/news/01012023/liquified-natural-gas-lng-exports-2022/,,energy,1/1/23 13:58,461,/r/energy/comments/100k8mk/2022_will_be_remembered_as_the_year_the_us_became/,2,CupformyCosta,Funny how that works after the nord stream pipelines were destroyed in a massive explosion.,1/1/23 15:21,-2,/r/energy/comments/100k8mk/2022_will_be_remembered_as_the_year_the_us_became/j2ib2ib/,2,18.0,True
100muus,"The US passed a historic climate deal this year — here's a recap of what's in the bill. The Inflation Reduction Act will have major implications for energy and manufacturing businesses, climate startups and consumers in the upcoming years. ""most aggressive climate investment ever taken by Congress""",mafco,,https://www.cnbc.com/amp/2022/12/30/2022-climate-recap-whats-in-the-historic-inflation-reduction-act.html,,energy,1/1/23 16:14,619,/r/energy/comments/100muus/the_us_passed_a_historic_climate_deal_this_year/,0,androk,The dems snuck global warming legislation through by calling it inflation legislation. They finally used the Republican playbook to get some part of their agenda passed,1/1/23 19:56,36,/r/energy/comments/100muus/the_us_passed_a_historic_climate_deal_this_year/j2jeazk/,1,7.0,True
100muus,"The US passed a historic climate deal this year — here's a recap of what's in the bill. The Inflation Reduction Act will have major implications for energy and manufacturing businesses, climate startups and consumers in the upcoming years. ""most aggressive climate investment ever taken by Congress""",mafco,,https://www.cnbc.com/amp/2022/12/30/2022-climate-recap-whats-in-the-historic-inflation-reduction-act.html,,energy,1/1/23 16:14,619,/r/energy/comments/100muus/the_us_passed_a_historic_climate_deal_this_year/,1,flyer456654,"This is a great bill, but for certain industries it's going to get quite interesting. For solar for instance, to get the 30% commercial ITC you need to do prevailing wage and union pay with a training program (great program for workers). This will increase the cost of arrays slightly, though not terribly.  To get the 10% adder, you need to buy American for a certain % of the total material costs (I believe it's 40%). This means buying American made steel/panels/copper, which will be in short supply since the existing manufacturing capacity, resulting in higher project costs (or developers simply not caring about the 10% adder).

There is a lot of complications in this bill and anyone thinking about developing projects in this space should 1)understand the specifics of this bill and 2) hire a really good accountant and owners rep to ensure compliance with all the specifics of the bill.

This is the single largest investment in a clean energy industry and we professionals need to move NOW to take advantage of it and deploy as much clean energy infrastructure as possible. My favorite part of this bill though is the ability to simply sell the tax credits, which eliminates the complex tax equity flip structures of the past!",1/1/23 17:18,25,/r/energy/comments/100muus/the_us_passed_a_historic_climate_deal_this_year/j2iqhfk/,1,12.0,True
100muus,"The US passed a historic climate deal this year — here's a recap of what's in the bill. The Inflation Reduction Act will have major implications for energy and manufacturing businesses, climate startups and consumers in the upcoming years. ""most aggressive climate investment ever taken by Congress""",mafco,,https://www.cnbc.com/amp/2022/12/30/2022-climate-recap-whats-in-the-historic-inflation-reduction-act.html,,energy,1/1/23 16:14,619,/r/energy/comments/100muus/the_us_passed_a_historic_climate_deal_this_year/,2,Machine_Gun_Bandit,Just another money laundering scheme.,1/2/23 11:43,-3,/r/energy/comments/100muus/the_us_passed_a_historic_climate_deal_this_year/j2mdnhi/,2,5.0,True
10127go,"Elon Musk's private jet emitted 1,895 tons of CO2 this year - ElonJet Wrapped 2022",pgaspar,,https://grndcntrl.net/falconlanding/wrapped22/,,environment,1/2/23 3:36,3537,/r/environment/comments/10127go/elon_musks_private_jet_emitted_1895_tons_of_co2/,0,ProSwitz,"For reference, the average American emits a bit over 14 tons of CO2 per year. Elon's jet alone emitted 135 times the average American, and that isn't taking into account the rest of Elon's emissions.",1/2/23 4:59,499,/r/environment/comments/10127go/elon_musks_private_jet_emitted_1895_tons_of_co2/j2lgymq/,7,-36.0,True
10127go,"Elon Musk's private jet emitted 1,895 tons of CO2 this year - ElonJet Wrapped 2022",pgaspar,,https://grndcntrl.net/falconlanding/wrapped22/,,environment,1/2/23 3:36,3537,/r/environment/comments/10127go/elon_musks_private_jet_emitted_1895_tons_of_co2/,1,Antisym,"There should be a number at the bottom that tells you how much that is in reference to the average person.

7 Tons CO2 average, he produces 1,895 with his fucking jet - without the rest of his bullshit.",1/2/23 5:12,149,/r/environment/comments/10127go/elon_musks_private_jet_emitted_1895_tons_of_co2/j2libr1/,1,60.0,True
10127go,"Elon Musk's private jet emitted 1,895 tons of CO2 this year - ElonJet Wrapped 2022",pgaspar,,https://grndcntrl.net/falconlanding/wrapped22/,,environment,1/2/23 3:36,3537,/r/environment/comments/10127go/elon_musks_private_jet_emitted_1895_tons_of_co2/,2,MindStalker,"He's a douchebag but Tesla has estimated to removed 8 millions of tons of CO2 per year.  That said, is he's taking CO2 credits for that, his jet should have to pay for CO2 credits.",1/2/23 15:28,-3,/r/environment/comments/10127go/elon_musks_private_jet_emitted_1895_tons_of_co2/j2n186x/,2,0.0,True
10127go,"Elon Musk's private jet emitted 1,895 tons of CO2 this year - ElonJet Wrapped 2022",pgaspar,,https://grndcntrl.net/falconlanding/wrapped22/,,environment,1/2/23 3:36,3537,/r/environment/comments/10127go/elon_musks_private_jet_emitted_1895_tons_of_co2/,3,KingLuis,"So he goes and creates Tesla and spacex and all these things people like and no one says anything. Then he buys twitter and people start hating on him and bringing up all the “bad” stuff he does that no one mentions before?
Why not shame all the celebrities that do it too?
Taylor Swift is touring and probably flying around everywhere in a private jet.",1/2/23 14:15,-3,/r/environment/comments/10127go/elon_musks_private_jet_emitted_1895_tons_of_co2/j2ms03h/,1,9.0,True
10127go,"Elon Musk's private jet emitted 1,895 tons of CO2 this year - ElonJet Wrapped 2022",pgaspar,,https://grndcntrl.net/falconlanding/wrapped22/,,environment,1/2/23 3:36,3537,/r/environment/comments/10127go/elon_musks_private_jet_emitted_1895_tons_of_co2/,4,LordOfRuinsOtherSelf,"So what? Is that Elon, or many different people working for Elon doing corporate stuff? Why just single one guy out. He's not the worst at this. Is it because he's the latest social media target?

So, which group of people are actually the worst and should be shamed?  We could do with a league table. If Elon is at the top then fuck, nail him. But I doubt it. We should concentrate our efforts on people who are truly fucking the world over. Elon may be a dick but we're ignoring the true assholes here.",1/2/23 12:59,-21,/r/environment/comments/10127go/elon_musks_private_jet_emitted_1895_tons_of_co2/j2mk379/,1,8.0,True
10127go,"Elon Musk's private jet emitted 1,895 tons of CO2 this year - ElonJet Wrapped 2022",pgaspar,,https://grndcntrl.net/falconlanding/wrapped22/,,environment,1/2/23 3:36,3537,/r/environment/comments/10127go/elon_musks_private_jet_emitted_1895_tons_of_co2/,5,,I wonder how many tons of co2 have been reduced by using Tesla cars worldwide?,1/2/23 9:47,-31,/r/environment/comments/10127go/elon_musks_private_jet_emitted_1895_tons_of_co2/j2m52k4/,1,24.0,True
10127go,"Elon Musk's private jet emitted 1,895 tons of CO2 this year - ElonJet Wrapped 2022",pgaspar,,https://grndcntrl.net/falconlanding/wrapped22/,,environment,1/2/23 3:36,3537,/r/environment/comments/10127go/elon_musks_private_jet_emitted_1895_tons_of_co2/,6,,#...is that a lot?,1/2/23 12:37,-13,/r/environment/comments/10127go/elon_musks_private_jet_emitted_1895_tons_of_co2/j2mi3vh/,1,9.0,True
1015sn4,Responsibly festive,celeste1299,,https://i.redd.it/ycg0m11s2i9a1.jpg,"{'bytes': None, 'path': 'https://i.redd.it/ycg0m11s2i9a1.jpg'}",zerowaste,1/2/23 6:46,3213,/r/ZeroWaste/comments/1015sn4/responsibly_festive/,0,joan_train,good for a century!,1/2/23 9:22,235,/r/ZeroWaste/comments/1015sn4/responsibly_festive/j2m3bda/,1,102.0,True
1015sn4,Responsibly festive,celeste1299,,https://i.redd.it/ycg0m11s2i9a1.jpg,"{'bytes': None, 'path': 'https://i.redd.it/ycg0m11s2i9a1.jpg'}",zerowaste,1/2/23 6:46,3213,/r/ZeroWaste/comments/1015sn4/responsibly_festive/,1,,[removed],1/2/23 13:23,-30,/r/ZeroWaste/comments/1015sn4/responsibly_festive/j2mmd12/,2,96.0,True
1015xcs,"President Joe Biden’s administration on Friday finalized regulations that protect hundreds of thousands of small streams, wetlands and other waterways, repealing a Trump-era rule that federal courts had thrown out and that environmentalists said left waterways vulnerable to pollution",DoremusJessup,,https://apnews.com/article/biden-politics-arizona-state-government-donald-trump-8d46b14c20cb0effcb52ace48220dcce,,environment,1/2/23 6:53,3266,/r/environment/comments/1015xcs/president_joe_bidens_administration_on_friday/,0,rja49,It's pathetic that something as critical as environmental protection is weaponized politically.,1/2/23 8:17,160,/r/environment/comments/1015xcs/president_joe_bidens_administration_on_friday/j2lyg98/,3,62.0,True
1015xcs,"President Joe Biden’s administration on Friday finalized regulations that protect hundreds of thousands of small streams, wetlands and other waterways, repealing a Trump-era rule that federal courts had thrown out and that environmentalists said left waterways vulnerable to pollution",DoremusJessup,,https://apnews.com/article/biden-politics-arizona-state-government-donald-trump-8d46b14c20cb0effcb52ace48220dcce,,environment,1/2/23 6:53,3266,/r/environment/comments/1015xcs/president_joe_bidens_administration_on_friday/,1,spellicuplmao,"This administrations definition of a WOTUS has been anticipated for some time, professionals in development and engineering need a concrete and long lasting definition on what is and isn’t protected so that it doesn’t keep flip-flopping with each change in administration.",1/2/23 22:09,3,/r/environment/comments/1015xcs/president_joe_bidens_administration_on_friday/j2oqdqk/,1,2.0,True
1015xcs,"President Joe Biden’s administration on Friday finalized regulations that protect hundreds of thousands of small streams, wetlands and other waterways, repealing a Trump-era rule that federal courts had thrown out and that environmentalists said left waterways vulnerable to pollution",DoremusJessup,,https://apnews.com/article/biden-politics-arizona-state-government-donald-trump-8d46b14c20cb0effcb52ace48220dcce,,environment,1/2/23 6:53,3266,/r/environment/comments/1015xcs/president_joe_bidens_administration_on_friday/,2,ripnlips1,It is amazing how the progressives ignore court orders when they disagree with them.,1/2/23 14:10,-23,/r/environment/comments/1015xcs/president_joe_bidens_administration_on_friday/j2mrgcd/,4,35.0,True
1016awk,"As Lula starts his term in Brazil, he restored authority to Brazil’s EPA Ibama, revoked a measure that encouraged illegal mining on protected indigenous lands, and unfroze a billion dollar ‘Amazon fund’ that backs sustainability projects.",Hateitwhenbdbdsj,,https://www.reuters.com/world/americas/lula-returns-office-troubled-divided-brazil-2023-01-01/,,climateactionplan,1/2/23 7:15,699,/r/ClimateActionPlan/comments/1016awk/as_lula_starts_his_term_in_brazil_he_restored/,0,,If someone could do the same for Peru right now...,1/2/23 13:39,20,/r/ClimateActionPlan/comments/1016awk/as_lula_starts_his_term_in_brazil_he_restored/j2mo1dx/,1,9.0,True
1017rbf,RANT: so sick of big name stores keeping lights/signs on 24/7,Camimae707,"It’s New Years Day and we were trying to find an open grocery store. 2 had ALL the lights on AND the giant light up logo at the top of the building….when they’re closed!! At least turn the logo’s off?? Like, seriously. What’s the freaking point of saving tiny bits of energy here and there when these places waste constantly and don’t give a crap. So frustrating.",https://www.reddit.com/r/sustainability/comments/1017rbf/rant_so_sick_of_big_name_stores_keeping/,,sustainability,1/2/23 8:43,535,/r/sustainability/comments/1017rbf/rant_so_sick_of_big_name_stores_keeping/,0,phil_style,"When it comes to many grocery stores, often night times are almost as active as normal business hour, at least as far as staff are concerned. 
This is when many of the products are shipped in and stacked onto the shelves.

So, in order to not be exposed to health and safety risk, they need to have the lights on to protect the workforce.

The external advertising sign is another matter and probably should be turned off.",1/2/23 9:01,160,/r/sustainability/comments/1017rbf/rant_so_sick_of_big_name_stores_keeping/j2m1r7y/,1,55.0,True
1017rbf,RANT: so sick of big name stores keeping lights/signs on 24/7,Camimae707,"It’s New Years Day and we were trying to find an open grocery store. 2 had ALL the lights on AND the giant light up logo at the top of the building….when they’re closed!! At least turn the logo’s off?? Like, seriously. What’s the freaking point of saving tiny bits of energy here and there when these places waste constantly and don’t give a crap. So frustrating.",https://www.reddit.com/r/sustainability/comments/1017rbf/rant_so_sick_of_big_name_stores_keeping/,,sustainability,1/2/23 8:43,535,/r/sustainability/comments/1017rbf/rant_so_sick_of_big_name_stores_keeping/,1,thechosenronin,"You think that's bad? There are multiple abandoned gas stations in my town, cleaned out and boarded up, that have all the internal lights on and logo out front fully lit up 24/7 and have been like that for well over a year straight. 24/7.",1/2/23 9:25,49,/r/sustainability/comments/1017rbf/rant_so_sick_of_big_name_stores_keeping/j2m3i6z/,3,70.0,True
10185m4,New record as wind and solar power account for close to 60 percent of Denmark’s annual energy consumption,Drahy,,https://cphpost.dk/?p=141931,,renewableenergy,1/2/23 9:08,188,/r/RenewableEnergy/comments/10185m4/new_record_as_wind_and_solar_power_account_for/,0,iqisoverrated,"Electricity. Not energy. I wish journalists would stop confusing the two. Electricity only makes up a small part of the total energy consumption.
It makes it seem like countries are already close to a fully renewable system when in reality they're still very far off.",1/2/23 13:44,17,/r/RenewableEnergy/comments/10185m4/new_record_as_wind_and_solar_power_account_for/j2mojiv/,1,10.0,True
10185m4,New record as wind and solar power account for close to 60 percent of Denmark’s annual energy consumption,Drahy,,https://cphpost.dk/?p=141931,,renewableenergy,1/2/23 9:08,188,/r/RenewableEnergy/comments/10185m4/new_record_as_wind_and_solar_power_account_for/,1,OptionApart,"59.3% in 2022 vs 47.1% in previous year.

BTW 59.3 - 47.1 is an increase of 12.2 on percentage basis not 11.8 as reported.

Wish they posted consumption data as without consumption hard to know exactly what this means.",1/2/23 13:16,6,/r/RenewableEnergy/comments/10185m4/new_record_as_wind_and_solar_power_account_for/j2mlpts/,1,-6.0,True
101czq5,"New electrolyzer to split saltwater into hydrogen. Chinese scientists have developed a new way to split seawater into H2 without using a separate desalination process. Water migrates from the seawater across the membrane to the SDE, without extra energy consumption",chopchopped,,https://www.pv-magazine.com/2023/01/02/new-electrolyzer-to-split-saltwater-into-hydrogen/?h2fd,,energy,1/2/23 13:46,365,/r/energy/comments/101czq5/new_electrolyzer_to_split_saltwater_into_hydrogen/,0,Kruidmoetvloeien,Ah u/chopchopped at it again with the hydrogen propaganda.,1/2/23 15:43,8,/r/energy/comments/101czq5/new_electrolyzer_to_split_saltwater_into_hydrogen/j2n3735/,2,14.0,True
101czq5,"New electrolyzer to split saltwater into hydrogen. Chinese scientists have developed a new way to split seawater into H2 without using a separate desalination process. Water migrates from the seawater across the membrane to the SDE, without extra energy consumption",chopchopped,,https://www.pv-magazine.com/2023/01/02/new-electrolyzer-to-split-saltwater-into-hydrogen/?h2fd,,energy,1/2/23 13:46,365,/r/energy/comments/101czq5/new_electrolyzer_to_split_saltwater_into_hydrogen/,1,shaim2,"It is scientifically impossible to split water into H2 and O without investing a lot of energy (the building energy of the molecule).

If you could, you could burn the products, make energy and water again as a byproduct, giving you infinite energy.",1/2/23 15:12,3,/r/energy/comments/101czq5/new_electrolyzer_to_split_saltwater_into_hydrogen/j2mz1eg/,3,19.0,True
101d0ie,Fossil Fuel Power Fell Up to 68% as Blackouts Hit US South,ForHidingSquirrels,,https://www.bloomberg.com/news/articles/2022-12-29/fossil-fuel-power-plunged-up-to-68-as-blackouts-hit-us-south?cmpid=socialflow-twitter-business,,energy,1/2/23 13:47,312,/r/energy/comments/101d0ie/fossil_fuel_power_fell_up_to_68_as_blackouts_hit/,0,,[deleted],1/2/23 16:24,28,/r/energy/comments/101d0ie/fossil_fuel_power_fell_up_to_68_as_blackouts_hit/j2n8y5n/,1,10.0,True
101d0ie,Fossil Fuel Power Fell Up to 68% as Blackouts Hit US South,ForHidingSquirrels,,https://www.bloomberg.com/news/articles/2022-12-29/fossil-fuel-power-plunged-up-to-68-as-blackouts-hit-us-south?cmpid=socialflow-twitter-business,,energy,1/2/23 13:47,312,/r/energy/comments/101d0ie/fossil_fuel_power_fell_up_to_68_as_blackouts_hit/,1,Burn-O-Matic,"FTA Coal dropped off nearly 70% in the TVA.  A notoriously antiquated, vertically integrated, Federally operated utility. Some nice cherry picking of examples.  Most of those plants already have retirement plans coming up, so no surprise they aren't being upgraded to deal with these conditions.

The other example from Duke (another vertically integrated operating company) shows why the vertical utility needs to go and SEEM needs to be deregulated.  The lack of competitive wholesale power markets and RTO/ISO in the Southeast leads to brittle independent systems and these outages.  No market means no competition and no mechanism for anyone to offer or buy excess generation.  Which is what you need to share risk of these edge case events.",1/2/23 18:14,19,/r/energy/comments/101d0ie/fossil_fuel_power_fell_up_to_68_as_blackouts_hit/j2nprsh/,1,6.0,True
101dhyg,"Defying Expectations, EU Carbon Emissions Drop To 30-Year Lows",-ColonelKurtz-,,https://www.forbes.com/sites/jeffmcmahon/2022/12/31/defying-expectations-eu-carbon-emissions-drop-to-30-year-lows/,,climate,1/2/23 14:11,558,/r/climate/comments/101dhyg/defying_expectations_eu_carbon_emissions_drop_to/,0,chip-paywallbot,"Hi there!

It looks as though the article you linked might be behind a paywall. Here's an [unlocked version](https://demo.thisischip.com/?q=https://www.forbes.com/sites/jeffmcmahon/2022/12/31/defying-expectations-eu-carbon-emissions-drop-to-30-year-lows/&o=reddit)

*I'm a bot, and this action was performed automatically. If you have any questions or suggestions, feel free to* [PM](http://www.reddit.com/message/compose?to=chip-paywallbot) *me.*",1/2/23 14:13,0,/r/climate/comments/101dhyg/defying_expectations_eu_carbon_emissions_drop_to/j2mrpup/,1,2.0,True
101f69g,Why Don't We Cover Every Parking Lot with Solar Panels?,livingmybestestlyfe,,https://www.cnet.com/home/energy-and-utilities/why-dont-we-cover-every-parking-lot-with-solar-panels/,,environment,1/2/23 15:23,4466,/r/environment/comments/101f69g/why_dont_we_cover_every_parking_lot_with_solar/,0,Odd-Neighborhood5119,We already have huge expanses of useless concrete and asphalt. This would be a great idea to not have to use more land. Use what exists,1/2/23 16:00,1599,/r/environment/comments/101f69g/why_dont_we_cover_every_parking_lot_with_solar/j2n5nby/,9,874.0,True
101f69g,Why Don't We Cover Every Parking Lot with Solar Panels?,livingmybestestlyfe,,https://www.cnet.com/home/energy-and-utilities/why-dont-we-cover-every-parking-lot-with-solar-panels/,,environment,1/2/23 15:23,4466,/r/environment/comments/101f69g/why_dont_we_cover_every_parking_lot_with_solar/,1,casperrosewater,"In the West start by covering the aqueducts and canals with panels. 10% of water that they hold is lost to evaporation. [LA already has plans to do it.](https://duckduckgo.com/?q=los+angeles+solar+canals&t=opera&ia=web) During a 50 year drought with no end anywhere in sight, two birds/one stone.",1/2/23 16:17,336,/r/environment/comments/101f69g/why_dont_we_cover_every_parking_lot_with_solar/j2n7y7y/,3,102.0,True
101f69g,Why Don't We Cover Every Parking Lot with Solar Panels?,livingmybestestlyfe,,https://www.cnet.com/home/energy-and-utilities/why-dont-we-cover-every-parking-lot-with-solar-panels/,,environment,1/2/23 15:23,4466,/r/environment/comments/101f69g/why_dont_we_cover_every_parking_lot_with_solar/,2,MalavethMorningrise,"Idiots, that's why. 

Some will claim it's an eye sore.
Some will claim it gives them cancer. 
Some are planning how to steal and resell them. 
Big oil and energy will lobby the idea into non existence.",1/2/23 16:14,278,/r/environment/comments/101f69g/why_dont_we_cover_every_parking_lot_with_solar/j2n7jxi/,5,130.0,True
101f69g,Why Don't We Cover Every Parking Lot with Solar Panels?,livingmybestestlyfe,,https://www.cnet.com/home/energy-and-utilities/why-dont-we-cover-every-parking-lot-with-solar-panels/,,environment,1/2/23 15:23,4466,/r/environment/comments/101f69g/why_dont_we_cover_every_parking_lot_with_solar/,3,sindagh,We need to get rid of cars and parking lots.,1/2/23 16:04,80,/r/environment/comments/101f69g/why_dont_we_cover_every_parking_lot_with_solar/j2n68dw/,6,50.0,True
101f69g,Why Don't We Cover Every Parking Lot with Solar Panels?,livingmybestestlyfe,,https://www.cnet.com/home/energy-and-utilities/why-dont-we-cover-every-parking-lot-with-solar-panels/,,environment,1/2/23 15:23,4466,/r/environment/comments/101f69g/why_dont_we_cover_every_parking_lot_with_solar/,4,Navynuke00,"Because when you install canopy rooftop solar, you also have to install conduit and conductor - which means you're digging up between 25-40% of what's already been paved. It gets expensive, complex, and time-consuming very quickly.",1/2/23 16:31,25,/r/environment/comments/101f69g/why_dont_we_cover_every_parking_lot_with_solar/j2na0di/,2,38.0,True
101f69g,Why Don't We Cover Every Parking Lot with Solar Panels?,livingmybestestlyfe,,https://www.cnet.com/home/energy-and-utilities/why-dont-we-cover-every-parking-lot-with-solar-panels/,,environment,1/2/23 15:23,4466,/r/environment/comments/101f69g/why_dont_we_cover_every_parking_lot_with_solar/,5,uberares,"And every single mile of High Tension Power Corridor as well. There are likely 10's of thousands of miles of HTPC throughout the country, already prepped (cleared of trees) and ready for solar panels.",1/2/23 16:43,4,/r/environment/comments/101f69g/why_dont_we_cover_every_parking_lot_with_solar/j2nbriq/,1,0.0,True
101f69g,Why Don't We Cover Every Parking Lot with Solar Panels?,livingmybestestlyfe,,https://www.cnet.com/home/energy-and-utilities/why-dont-we-cover-every-parking-lot-with-solar-panels/,,environment,1/2/23 15:23,4466,/r/environment/comments/101f69g/why_dont_we_cover_every_parking_lot_with_solar/,6,lexi-thegreat,"Some problems with solar farms: 

To get materials to make the panels, companies mine and frack. Not very ecologically friendly. 

When you place a bunch of glass panels in direct sunlight, on hot days it affects the sky above them. This causes problems for migratory birds and airplanes, as it can literally microwave the birdies and cause turbulence for the planes. https://www.sciencealert.com/this-solar-plant-accidentally-incinerates-up-to-6-000-birds-a-year

Solar panels are also *heavy.* you can't just slap them up on any old rooftop and call it a day. You'd need lots of additional engineering to make your dream a reality. Plus, the units themselves are quite pricey. 

We need alternative energy source, for sure, and we could be incorporating more varied types of energy output devices than we are. But since the battery pack issues have yet to be solved, solar isn't quite ready to be utilized the way people seem to think it can be.",1/2/23 17:02,-1,/r/environment/comments/101f69g/why_dont_we_cover_every_parking_lot_with_solar/j2nelqt/,1,3.0,True
101fxo7,Climate Activists Find a Way to Get Germany’s Attention: Stop Traffic | Extreme tactics have pushed the climate crisis to the top of the public discourse but also stirred debate over whether the activists are going too far.,silence7,,https://www.nytimes.com/2023/01/02/world/europe/climate-activists-germany-stop-traffic.html?unlocked_article_code=hjXpIiem69DbbrdjpCD-ipc4wQy-csB9-jZ8lTNwF6u7TYOmryvGdK9ZvL4oXGsvO0eBq6f2tgEy4aXPPhsyPare1DsNOGewyucO7_DPXV_L6vFHwCR8cKbLO8Zp2HDP9NGJOV0MViT2yV8q61u2axaWUsqmplXkKEOVEoMboctp_UpguKtpHLToLK2OwjrlpeOa9EHDe8JhT0cDi5F_AXDsrZ1R_yV51JcmVrwo2FpXm1xn7FpTB0jJpqGcf_Sg-O6P6mUoNgzLSgPZFKXtqizBhmNanJYFQds4D6uUN03sVKxnA6Mr65QIGJWshmDVz9Eub1HQjFas4AaB4sRt_k2E2IRBkqresNCyRDUBsGTi8WOXfg,,climate,1/2/23 15:56,779,/r/climate/comments/101fxo7/climate_activists_find_a_way_to_get_germanys/,0,Novalid,"30 years from now we'll see articles titled -

""Stirring debate about why activists didn't do enough.""",1/2/23 16:04,196,/r/climate/comments/101fxo7/climate_activists_find_a_way_to_get_germanys/j2n647e/,7,125.0,True
101fxo7,Climate Activists Find a Way to Get Germany’s Attention: Stop Traffic | Extreme tactics have pushed the climate crisis to the top of the public discourse but also stirred debate over whether the activists are going too far.,silence7,,https://www.nytimes.com/2023/01/02/world/europe/climate-activists-germany-stop-traffic.html?unlocked_article_code=hjXpIiem69DbbrdjpCD-ipc4wQy-csB9-jZ8lTNwF6u7TYOmryvGdK9ZvL4oXGsvO0eBq6f2tgEy4aXPPhsyPare1DsNOGewyucO7_DPXV_L6vFHwCR8cKbLO8Zp2HDP9NGJOV0MViT2yV8q61u2axaWUsqmplXkKEOVEoMboctp_UpguKtpHLToLK2OwjrlpeOa9EHDe8JhT0cDi5F_AXDsrZ1R_yV51JcmVrwo2FpXm1xn7FpTB0jJpqGcf_Sg-O6P6mUoNgzLSgPZFKXtqizBhmNanJYFQds4D6uUN03sVKxnA6Mr65QIGJWshmDVz9Eub1HQjFas4AaB4sRt_k2E2IRBkqresNCyRDUBsGTi8WOXfg,,climate,1/2/23 15:56,779,/r/climate/comments/101fxo7/climate_activists_find_a_way_to_get_germanys/,1,Thuvoao,There is no too far. We're committing suicide and they're the only ones upset enough about it. There is no too far.,1/2/23 22:16,47,/r/climate/comments/101fxo7/climate_activists_find_a_way_to_get_germanys/j2orfz8/,2,7.0,True
101fxo7,Climate Activists Find a Way to Get Germany’s Attention: Stop Traffic | Extreme tactics have pushed the climate crisis to the top of the public discourse but also stirred debate over whether the activists are going too far.,silence7,,https://www.nytimes.com/2023/01/02/world/europe/climate-activists-germany-stop-traffic.html?unlocked_article_code=hjXpIiem69DbbrdjpCD-ipc4wQy-csB9-jZ8lTNwF6u7TYOmryvGdK9ZvL4oXGsvO0eBq6f2tgEy4aXPPhsyPare1DsNOGewyucO7_DPXV_L6vFHwCR8cKbLO8Zp2HDP9NGJOV0MViT2yV8q61u2axaWUsqmplXkKEOVEoMboctp_UpguKtpHLToLK2OwjrlpeOa9EHDe8JhT0cDi5F_AXDsrZ1R_yV51JcmVrwo2FpXm1xn7FpTB0jJpqGcf_Sg-O6P6mUoNgzLSgPZFKXtqizBhmNanJYFQds4D6uUN03sVKxnA6Mr65QIGJWshmDVz9Eub1HQjFas4AaB4sRt_k2E2IRBkqresNCyRDUBsGTi8WOXfg,,climate,1/2/23 15:56,779,/r/climate/comments/101fxo7/climate_activists_find_a_way_to_get_germanys/,2,fux2k,"Problem is it did not push the debate. When it comes to those kind of protests the debate is only about the protest itself and how annoying it is, not really about the actual issue. The communication strategy has to change to get broad support.",1/2/23 16:22,27,/r/climate/comments/101fxo7/climate_activists_find_a_way_to_get_germanys/j2n8nvj/,1,25.0,True
101fxo7,Climate Activists Find a Way to Get Germany’s Attention: Stop Traffic | Extreme tactics have pushed the climate crisis to the top of the public discourse but also stirred debate over whether the activists are going too far.,silence7,,https://www.nytimes.com/2023/01/02/world/europe/climate-activists-germany-stop-traffic.html?unlocked_article_code=hjXpIiem69DbbrdjpCD-ipc4wQy-csB9-jZ8lTNwF6u7TYOmryvGdK9ZvL4oXGsvO0eBq6f2tgEy4aXPPhsyPare1DsNOGewyucO7_DPXV_L6vFHwCR8cKbLO8Zp2HDP9NGJOV0MViT2yV8q61u2axaWUsqmplXkKEOVEoMboctp_UpguKtpHLToLK2OwjrlpeOa9EHDe8JhT0cDi5F_AXDsrZ1R_yV51JcmVrwo2FpXm1xn7FpTB0jJpqGcf_Sg-O6P6mUoNgzLSgPZFKXtqizBhmNanJYFQds4D6uUN03sVKxnA6Mr65QIGJWshmDVz9Eub1HQjFas4AaB4sRt_k2E2IRBkqresNCyRDUBsGTi8WOXfg,,climate,1/2/23 15:56,779,/r/climate/comments/101fxo7/climate_activists_find_a_way_to_get_germanys/,3,ILikeNeurons,"[The activist’s dilemma: Extreme protest actions reduce popular support for social movements.](https://psycnet.apa.org/record/2020-02398-001)

IMHO, it's better to [take some training](https://cclusa.org/x) and have conversations. 

1. [Join Citizens' Climate Lobby and CCL Community](https://cclusa.org/x). Be sure to fill out [your CCL Community profile](https://community.citizensclimate.org/dashboard/edit/profile#form_My_Interests_38) so you can be contacted with opportunities that interest you.

2. [Sign up for the Intro Call for new volunteers](https://citizensclimatelobby.org/join-weekly-intro-call/) 

3. [Take the Climate Advocate Training](https://citizensclimatelobby.org/new-member/#climateadvocatetraining)

4. [Take the Core Volunteer Training](https://community.citizensclimate.org/topics/core-volunteer-training) (or [binge it](https://www.youtube.com/playlist?list=PLXjILMNokmN7yXZZ8VSKb0K2uEh02NPie))

5. Get in touch with your local chapter leader (there are [chapters all over the world](https://citizensclimatelobby.org/about-ccl/chapters/)) and find out how you can best leverage your time, skills, and connections to [create the political world for a livable climate](https://citizensclimatelobby.org/about-ccl/levers-of-political-will/). The easiest way to connect with your chapter leader is at the monthly meeting. Check your email to make sure you don't miss it. ;)

r/CitizensClimateLobby also has [a wiki](https://www.reddit.com/r/citizensclimatelobby/wiki/index/getting-started) to help you focus your efforts.",1/2/23 16:38,6,/r/climate/comments/101fxo7/climate_activists_find_a_way_to_get_germanys/j2nb31y/,1,13.0,True
101fxo7,Climate Activists Find a Way to Get Germany’s Attention: Stop Traffic | Extreme tactics have pushed the climate crisis to the top of the public discourse but also stirred debate over whether the activists are going too far.,silence7,,https://www.nytimes.com/2023/01/02/world/europe/climate-activists-germany-stop-traffic.html?unlocked_article_code=hjXpIiem69DbbrdjpCD-ipc4wQy-csB9-jZ8lTNwF6u7TYOmryvGdK9ZvL4oXGsvO0eBq6f2tgEy4aXPPhsyPare1DsNOGewyucO7_DPXV_L6vFHwCR8cKbLO8Zp2HDP9NGJOV0MViT2yV8q61u2axaWUsqmplXkKEOVEoMboctp_UpguKtpHLToLK2OwjrlpeOa9EHDe8JhT0cDi5F_AXDsrZ1R_yV51JcmVrwo2FpXm1xn7FpTB0jJpqGcf_Sg-O6P6mUoNgzLSgPZFKXtqizBhmNanJYFQds4D6uUN03sVKxnA6Mr65QIGJWshmDVz9Eub1HQjFas4AaB4sRt_k2E2IRBkqresNCyRDUBsGTi8WOXfg,,climate,1/2/23 15:56,779,/r/climate/comments/101fxo7/climate_activists_find_a_way_to_get_germanys/,4,Snotmyrealname,"Stopping traffic rarely wins the hearts and minds of those who are stuck in traffic. I see this as a particularly ineffective way to protest. Throwing food at politicians, graffiti, bank robberies, heck even setting oneself on fire would be more effective way to garner attention.",1/2/23 20:43,0,/r/climate/comments/101fxo7/climate_activists_find_a_way_to_get_germanys/j2od5ny/,1,5.0,True
101fxo7,Climate Activists Find a Way to Get Germany’s Attention: Stop Traffic | Extreme tactics have pushed the climate crisis to the top of the public discourse but also stirred debate over whether the activists are going too far.,silence7,,https://www.nytimes.com/2023/01/02/world/europe/climate-activists-germany-stop-traffic.html?unlocked_article_code=hjXpIiem69DbbrdjpCD-ipc4wQy-csB9-jZ8lTNwF6u7TYOmryvGdK9ZvL4oXGsvO0eBq6f2tgEy4aXPPhsyPare1DsNOGewyucO7_DPXV_L6vFHwCR8cKbLO8Zp2HDP9NGJOV0MViT2yV8q61u2axaWUsqmplXkKEOVEoMboctp_UpguKtpHLToLK2OwjrlpeOa9EHDe8JhT0cDi5F_AXDsrZ1R_yV51JcmVrwo2FpXm1xn7FpTB0jJpqGcf_Sg-O6P6mUoNgzLSgPZFKXtqizBhmNanJYFQds4D6uUN03sVKxnA6Mr65QIGJWshmDVz9Eub1HQjFas4AaB4sRt_k2E2IRBkqresNCyRDUBsGTi8WOXfg,,climate,1/2/23 15:56,779,/r/climate/comments/101fxo7/climate_activists_find_a_way_to_get_germanys/,5,,[deleted],1/2/23 23:13,-4,/r/climate/comments/101fxo7/climate_activists_find_a_way_to_get_germanys/j2p01ey/,1,2.0,True
101glfs,"Don't Blame Congress For Tax Credit Limits. Blame Tesla For Its Expensive EVs. The Volkswagen ID.4, the Hyundai Ioniq 5, and the Kia EV6 are all very, very nice EVs for under the $55k cap. Tesla had ample opportunity to focus on cheaper EVs like the other manufacturers did.",mafco,,https://cleantechnica.com/2023/01/01/dont-blame-congress-for-tax-credit-limits-blame-tesla-for-its-expensive-evs/amp/,,energy,1/2/23 16:23,786,/r/energy/comments/101glfs/dont_blame_congress_for_tax_credit_limits_blame/,0,eat_more_ovaltine,"No reason to drop prices when they are already sold out. 

I admire Tesla and they can sell at whatever price they want if their buyers keep buying. The rest of the world needs cheaper EVs though to save the planet. 

Nothing wrong with doing both at the same time - it just means Tesla can’t double up on the wins.",1/2/23 23:23,36,/r/energy/comments/101glfs/dont_blame_congress_for_tax_credit_limits_blame/j2p1g2e/,2,9.0,True
101glfs,"Don't Blame Congress For Tax Credit Limits. Blame Tesla For Its Expensive EVs. The Volkswagen ID.4, the Hyundai Ioniq 5, and the Kia EV6 are all very, very nice EVs for under the $55k cap. Tesla had ample opportunity to focus on cheaper EVs like the other manufacturers did.",mafco,,https://cleantechnica.com/2023/01/01/dont-blame-congress-for-tax-credit-limits-blame-tesla-for-its-expensive-evs/amp/,,energy,1/2/23 16:23,786,/r/energy/comments/101glfs/dont_blame_congress_for_tax_credit_limits_blame/,1,SilentAcoustics,"The non-Tesla EV charging network in America has a long way to go. Not a fan of Tesla but anyone who is considering early adopting into EV should know they’re also investing early in a infant stage charging network if they’re not going with Tesla.

Once fast charge stations with more than 4 chargers get put more consistently around interstates, I’m in.",1/2/23 18:28,25,/r/energy/comments/101glfs/dont_blame_congress_for_tax_credit_limits_blame/j2ns2vk/,2,20.0,True
101glfs,"Don't Blame Congress For Tax Credit Limits. Blame Tesla For Its Expensive EVs. The Volkswagen ID.4, the Hyundai Ioniq 5, and the Kia EV6 are all very, very nice EVs for under the $55k cap. Tesla had ample opportunity to focus on cheaper EVs like the other manufacturers did.",mafco,,https://cleantechnica.com/2023/01/01/dont-blame-congress-for-tax-credit-limits-blame-tesla-for-its-expensive-evs/amp/,,energy,1/2/23 16:23,786,/r/energy/comments/101glfs/dont_blame_congress_for_tax_credit_limits_blame/,2,danila_bodrov,None of those compare to BYD or NIO for the same price tag,1/2/23 19:25,11,/r/energy/comments/101glfs/dont_blame_congress_for_tax_credit_limits_blame/j2o138h/,1,7.0,True
101glfs,"Don't Blame Congress For Tax Credit Limits. Blame Tesla For Its Expensive EVs. The Volkswagen ID.4, the Hyundai Ioniq 5, and the Kia EV6 are all very, very nice EVs for under the $55k cap. Tesla had ample opportunity to focus on cheaper EVs like the other manufacturers did.",mafco,,https://cleantechnica.com/2023/01/01/dont-blame-congress-for-tax-credit-limits-blame-tesla-for-its-expensive-evs/amp/,,energy,1/2/23 16:23,786,/r/energy/comments/101glfs/dont_blame_congress_for_tax_credit_limits_blame/,3,TrailerParkTonyStark,The difference is that those other companies aren’t run by a weapons-grade DICK.,1/3/23 1:12,13,/r/energy/comments/101glfs/dont_blame_congress_for_tax_credit_limits_blame/j2phafm/,1,10.0,True
101glfs,"Don't Blame Congress For Tax Credit Limits. Blame Tesla For Its Expensive EVs. The Volkswagen ID.4, the Hyundai Ioniq 5, and the Kia EV6 are all very, very nice EVs for under the $55k cap. Tesla had ample opportunity to focus on cheaper EVs like the other manufacturers did.",mafco,,https://cleantechnica.com/2023/01/01/dont-blame-congress-for-tax-credit-limits-blame-tesla-for-its-expensive-evs/amp/,,energy,1/2/23 16:23,786,/r/energy/comments/101glfs/dont_blame_congress_for_tax_credit_limits_blame/,4,Speculawyer,"Don't worry, they will cut their prices to get them under the limits for base models.",1/2/23 17:44,7,/r/energy/comments/101glfs/dont_blame_congress_for_tax_credit_limits_blame/j2nl48f/,1,0.0,True
101glfs,"Don't Blame Congress For Tax Credit Limits. Blame Tesla For Its Expensive EVs. The Volkswagen ID.4, the Hyundai Ioniq 5, and the Kia EV6 are all very, very nice EVs for under the $55k cap. Tesla had ample opportunity to focus on cheaper EVs like the other manufacturers did.",mafco,,https://cleantechnica.com/2023/01/01/dont-blame-congress-for-tax-credit-limits-blame-tesla-for-its-expensive-evs/amp/,,energy,1/2/23 16:23,786,/r/energy/comments/101glfs/dont_blame_congress_for_tax_credit_limits_blame/,5,CatalyticDragon,"The problem is Tesla can't make cheap EVs. They have always had demand which outstripped supply capacity making that an impossibility. They are barely keeping up with demand for an upper midrange car as it is. 

It's very nice that VW can sell an ID.4 for 37,500 but they only sell 11,000 a quarter. Kia sold 20,000 EV6s. 

Tesla sells 400,000 M3s a quarter and that's growing. 

They are working on a cheaper model (Model 2 expected to be unveiled next year) but it requires building out monumental infrastructure to handle the volume that will generate. And that of course means more factories and tens of billions in outlay which comes from the profits on more expensive cars. This plan was laid out a decade ago.

Edit: I should add Tesla has to do this because they don't have an established ICE car line to subsidize their EVs. Ford, Kia, whomever sell hundreds of thousands to millions of ICE cars and can afford a loss on their pautry EV sales.",1/3/23 9:49,6,/r/energy/comments/101glfs/dont_blame_congress_for_tax_credit_limits_blame/j2r1mvs/,1,0.0,True
101glfs,"Don't Blame Congress For Tax Credit Limits. Blame Tesla For Its Expensive EVs. The Volkswagen ID.4, the Hyundai Ioniq 5, and the Kia EV6 are all very, very nice EVs for under the $55k cap. Tesla had ample opportunity to focus on cheaper EVs like the other manufacturers did.",mafco,,https://cleantechnica.com/2023/01/01/dont-blame-congress-for-tax-credit-limits-blame-tesla-for-its-expensive-evs/amp/,,energy,1/2/23 16:23,786,/r/energy/comments/101glfs/dont_blame_congress_for_tax_credit_limits_blame/,6,tojineverdies,JFC the other EV’s are not even close to affordable,1/2/23 19:02,8,/r/energy/comments/101glfs/dont_blame_congress_for_tax_credit_limits_blame/j2nxduo/,1,27.0,True
101glfs,"Don't Blame Congress For Tax Credit Limits. Blame Tesla For Its Expensive EVs. The Volkswagen ID.4, the Hyundai Ioniq 5, and the Kia EV6 are all very, very nice EVs for under the $55k cap. Tesla had ample opportunity to focus on cheaper EVs like the other manufacturers did.",mafco,,https://cleantechnica.com/2023/01/01/dont-blame-congress-for-tax-credit-limits-blame-tesla-for-its-expensive-evs/amp/,,energy,1/2/23 16:23,786,/r/energy/comments/101glfs/dont_blame_congress_for_tax_credit_limits_blame/,7,Weary-Depth-1118,But they ain’t build in America. Neither are the batteries. My tax $ should not be advancing China or even South Korea. It should be making America better with our own supply chain,1/2/23 17:18,-5,/r/energy/comments/101glfs/dont_blame_congress_for_tax_credit_limits_blame/j2nh11h/,1,8.0,True
101glfs,"Don't Blame Congress For Tax Credit Limits. Blame Tesla For Its Expensive EVs. The Volkswagen ID.4, the Hyundai Ioniq 5, and the Kia EV6 are all very, very nice EVs for under the $55k cap. Tesla had ample opportunity to focus on cheaper EVs like the other manufacturers did.",mafco,,https://cleantechnica.com/2023/01/01/dont-blame-congress-for-tax-credit-limits-blame-tesla-for-its-expensive-evs/amp/,,energy,1/2/23 16:23,786,/r/energy/comments/101glfs/dont_blame_congress_for_tax_credit_limits_blame/,8,eros56,"Tesla has snob appeal, a status symbol for limousine liberals.  Anyone with a social conscience should boycott everything Musk profits from",1/2/23 17:56,-9,/r/energy/comments/101glfs/dont_blame_congress_for_tax_credit_limits_blame/j2nn082/,3,31.0,True
101glfs,"Don't Blame Congress For Tax Credit Limits. Blame Tesla For Its Expensive EVs. The Volkswagen ID.4, the Hyundai Ioniq 5, and the Kia EV6 are all very, very nice EVs for under the $55k cap. Tesla had ample opportunity to focus on cheaper EVs like the other manufacturers did.",mafco,,https://cleantechnica.com/2023/01/01/dont-blame-congress-for-tax-credit-limits-blame-tesla-for-its-expensive-evs/amp/,,energy,1/2/23 16:23,786,/r/energy/comments/101glfs/dont_blame_congress_for_tax_credit_limits_blame/,9,Ravingraven21,"$55k was chosen on purpose. Absolutely blame Congress for the law they wrote to cater to unions, instead of good policy for Americans.",1/3/23 3:18,-15,/r/energy/comments/101glfs/dont_blame_congress_for_tax_credit_limits_blame/j2pzxx8/,1,19.0,True
101glfs,"Don't Blame Congress For Tax Credit Limits. Blame Tesla For Its Expensive EVs. The Volkswagen ID.4, the Hyundai Ioniq 5, and the Kia EV6 are all very, very nice EVs for under the $55k cap. Tesla had ample opportunity to focus on cheaper EVs like the other manufacturers did.",mafco,,https://cleantechnica.com/2023/01/01/dont-blame-congress-for-tax-credit-limits-blame-tesla-for-its-expensive-evs/amp/,,energy,1/2/23 16:23,786,/r/energy/comments/101glfs/dont_blame_congress_for_tax_credit_limits_blame/,10,nickkangistheman,"This is nonsense. None of these HYBRIDS come anywhere near the efficiency of teslas. And they arent global vompanies. And they arent battery companies. And they arent ai companies. And they arent self driving nor do they even aspire to be. 

AND TESLA SAID THE NEW ROUND OF VEHICLES IN 2023 WOULD COST HALF THAT OF PREVIOUS MODELS

Fooling no one. The ev tax credit is boomer crony capitalism nonsense",1/2/23 20:31,-22,/r/energy/comments/101glfs/dont_blame_congress_for_tax_credit_limits_blame/j2ob9m1/,1,2.0,True
101glfs,"Don't Blame Congress For Tax Credit Limits. Blame Tesla For Its Expensive EVs. The Volkswagen ID.4, the Hyundai Ioniq 5, and the Kia EV6 are all very, very nice EVs for under the $55k cap. Tesla had ample opportunity to focus on cheaper EVs like the other manufacturers did.",mafco,,https://cleantechnica.com/2023/01/01/dont-blame-congress-for-tax-credit-limits-blame-tesla-for-its-expensive-evs/amp/,,energy,1/2/23 16:23,786,/r/energy/comments/101glfs/dont_blame_congress_for_tax_credit_limits_blame/,11,rclugs77,And what of the poor Africans mining toxic cobalt by hand for a dollar a day or less so yall can feel like environmental warriors.  How does the electricity we need to charge these low shelf life batteries get created? What do we do with the batteries once they are done?  So much for a feel good low carbon foot print.  Out of sight out of mind I guess.,1/3/23 7:22,-11,/r/energy/comments/101glfs/dont_blame_congress_for_tax_credit_limits_blame/j2qqi1u/,3,38.0,True
101glfs,"Don't Blame Congress For Tax Credit Limits. Blame Tesla For Its Expensive EVs. The Volkswagen ID.4, the Hyundai Ioniq 5, and the Kia EV6 are all very, very nice EVs for under the $55k cap. Tesla had ample opportunity to focus on cheaper EVs like the other manufacturers did.",mafco,,https://cleantechnica.com/2023/01/01/dont-blame-congress-for-tax-credit-limits-blame-tesla-for-its-expensive-evs/amp/,,energy,1/2/23 16:23,786,/r/energy/comments/101glfs/dont_blame_congress_for_tax_credit_limits_blame/,12,,"&#x200B;

gm ,ford,etc etc all going bankrupt within 2 years",1/2/23 18:29,-19,/r/energy/comments/101glfs/dont_blame_congress_for_tax_credit_limits_blame/j2ns923/,1,7.0,True
101glfs,"Don't Blame Congress For Tax Credit Limits. Blame Tesla For Its Expensive EVs. The Volkswagen ID.4, the Hyundai Ioniq 5, and the Kia EV6 are all very, very nice EVs for under the $55k cap. Tesla had ample opportunity to focus on cheaper EVs like the other manufacturers did.",mafco,,https://cleantechnica.com/2023/01/01/dont-blame-congress-for-tax-credit-limits-blame-tesla-for-its-expensive-evs/amp/,,energy,1/2/23 16:23,786,/r/energy/comments/101glfs/dont_blame_congress_for_tax_credit_limits_blame/,13,Guillermo-Refritas01,I don’t believe America is quite ready for electric cars. Not yet. If I bought a new car it would be a Prius — or even a used Prius in good shape.,1/3/23 14:20,-4,/r/energy/comments/101glfs/dont_blame_congress_for_tax_credit_limits_blame/j2rqga8/,1,2.0,True
101gmtn,E-bikes could be a more affordable way to reduce emissions,silence7,,https://www.npr.org/2023/01/02/1146543157/e-bikes-could-be-a-more-affordable-way-to-reduce-emissions,,climate,1/2/23 16:25,581,/r/climate/comments/101gmtn/ebikes_could_be_a_more_affordable_way_to_reduce/,0,geeves_007,Just wait until you hear about analog bikes that don't even need charging or batteries!,1/2/23 16:53,40,/r/climate/comments/101gmtn/ebikes_could_be_a_more_affordable_way_to_reduce/j2nda1u/,3,82.0,True
101gmtn,E-bikes could be a more affordable way to reduce emissions,silence7,,https://www.npr.org/2023/01/02/1146543157/e-bikes-could-be-a-more-affordable-way-to-reduce-emissions,,climate,1/2/23 16:25,581,/r/climate/comments/101gmtn/ebikes_could_be_a_more_affordable_way_to_reduce/,1,,"They are. However they are expensive just like electric cars. Not as much as electric cars that’s for sure. 

A fast one max speed 45-50 mph looking at anywhere from 3500-5000",1/2/23 21:24,-2,/r/climate/comments/101gmtn/ebikes_could_be_a_more_affordable_way_to_reduce/j2ojf9d/,1,9.0,True
101rm5i,"Found a zero waste way to heat my home! I have an EPA certified wood stove. I found a local wood shop that has been sending all of their end cuts of good hardwood to the dump. Now the wood stays out of the dump, and I have a free source of heat!",that_cachorro_life,,https://i.redd.it/5tajk41bcr9a1.jpg,"{'bytes': None, 'path': 'https://i.redd.it/5tajk41bcr9a1.jpg'}",zerowaste,1/2/23 23:40,5069,/r/ZeroWaste/comments/101rm5i/found_a_zero_waste_way_to_heat_my_home_i_have_an/,0,bannana,"crazy they would pay to send this to the dump when they could have posted it up for free and have people pick it up, much like yourself.

congrats on the free heating fuel",1/3/23 5:51,330,/r/ZeroWaste/comments/101rm5i/found_a_zero_waste_way_to_heat_my_home_i_have_an/j2qi9vc/,6,158.0,True
101rm5i,"Found a zero waste way to heat my home! I have an EPA certified wood stove. I found a local wood shop that has been sending all of their end cuts of good hardwood to the dump. Now the wood stays out of the dump, and I have a free source of heat!",that_cachorro_life,,https://i.redd.it/5tajk41bcr9a1.jpg,"{'bytes': None, 'path': 'https://i.redd.it/5tajk41bcr9a1.jpg'}",zerowaste,1/2/23 23:40,5069,/r/ZeroWaste/comments/101rm5i/found_a_zero_waste_way_to_heat_my_home_i_have_an/,1,the_kid_chino,There's a LOT of cutting boards in there.,1/3/23 2:07,598,/r/ZeroWaste/comments/101rm5i/found_a_zero_waste_way_to_heat_my_home_i_have_an/j2ppg9i/,5,499.0,True
101rm5i,"Found a zero waste way to heat my home! I have an EPA certified wood stove. I found a local wood shop that has been sending all of their end cuts of good hardwood to the dump. Now the wood stays out of the dump, and I have a free source of heat!",that_cachorro_life,,https://i.redd.it/5tajk41bcr9a1.jpg,"{'bytes': None, 'path': 'https://i.redd.it/5tajk41bcr9a1.jpg'}",zerowaste,1/2/23 23:40,5069,/r/ZeroWaste/comments/101rm5i/found_a_zero_waste_way_to_heat_my_home_i_have_an/,2,archetyping101,"Be VERY careful about what's been treated. For example a lot of that stuff that's stamped (see one in the photo) is usually treated. Also, very rarely do customers want to change the dimensions after it's been stained but if they do, they'll cut those off. Don't want you to poison yourself with fumes!",1/3/23 0:24,752,/r/ZeroWaste/comments/101rm5i/found_a_zero_waste_way_to_heat_my_home_i_have_an/j2pae8k/,5,747.0,True
101rm5i,"Found a zero waste way to heat my home! I have an EPA certified wood stove. I found a local wood shop that has been sending all of their end cuts of good hardwood to the dump. Now the wood stays out of the dump, and I have a free source of heat!",that_cachorro_life,,https://i.redd.it/5tajk41bcr9a1.jpg,"{'bytes': None, 'path': 'https://i.redd.it/5tajk41bcr9a1.jpg'}",zerowaste,1/2/23 23:40,5069,/r/ZeroWaste/comments/101rm5i/found_a_zero_waste_way_to_heat_my_home_i_have_an/,3,DaGabbagool,How well does the wood stove heat your home? I’ve been disappointed with how little my fireplace heats the house up. Really just the immediate area in front of it :(,1/3/23 0:47,54,/r/ZeroWaste/comments/101rm5i/found_a_zero_waste_way_to_heat_my_home_i_have_an/j2pdqoo/,10,201.0,True
101rm5i,"Found a zero waste way to heat my home! I have an EPA certified wood stove. I found a local wood shop that has been sending all of their end cuts of good hardwood to the dump. Now the wood stays out of the dump, and I have a free source of heat!",that_cachorro_life,,https://i.redd.it/5tajk41bcr9a1.jpg,"{'bytes': None, 'path': 'https://i.redd.it/5tajk41bcr9a1.jpg'}",zerowaste,1/2/23 23:40,5069,/r/ZeroWaste/comments/101rm5i/found_a_zero_waste_way_to_heat_my_home_i_have_an/,4,autoposting_system,So where do you live that you heat your house with wood but none of the people at this wood shop do? That seems weird,1/3/23 0:14,89,/r/ZeroWaste/comments/101rm5i/found_a_zero_waste_way_to_heat_my_home_i_have_an/j2p8yj7/,4,146.0,True
101rm5i,"Found a zero waste way to heat my home! I have an EPA certified wood stove. I found a local wood shop that has been sending all of their end cuts of good hardwood to the dump. Now the wood stays out of the dump, and I have a free source of heat!",that_cachorro_life,,https://i.redd.it/5tajk41bcr9a1.jpg,"{'bytes': None, 'path': 'https://i.redd.it/5tajk41bcr9a1.jpg'}",zerowaste,1/2/23 23:40,5069,/r/ZeroWaste/comments/101rm5i/found_a_zero_waste_way_to_heat_my_home_i_have_an/,5,chrisinator9393,"Just make sure you're not burning Pine! That stuff will clog up your chimney/exhaust pipe in no time.

Otherwise I see this as a huge win. I mentioned in another comment, I also burn waste wood. 

I get slab wood from a local mill. It's basically free, and otherwise they send the stuff off to a dump as well. I'll diverted 5 cords worth of wood from a dump this year. That's probably 5 tons or better of material.",1/3/23 2:02,14,/r/ZeroWaste/comments/101rm5i/found_a_zero_waste_way_to_heat_my_home_i_have_an/j2ponwo/,1,5.0,True
101rm5i,"Found a zero waste way to heat my home! I have an EPA certified wood stove. I found a local wood shop that has been sending all of their end cuts of good hardwood to the dump. Now the wood stays out of the dump, and I have a free source of heat!",that_cachorro_life,,https://i.redd.it/5tajk41bcr9a1.jpg,"{'bytes': None, 'path': 'https://i.redd.it/5tajk41bcr9a1.jpg'}",zerowaste,1/2/23 23:40,5069,/r/ZeroWaste/comments/101rm5i/found_a_zero_waste_way_to_heat_my_home_i_have_an/,6,I_spread_love_butter,Isn't burning wood terrible for the environment?,1/3/23 0:19,49,/r/ZeroWaste/comments/101rm5i/found_a_zero_waste_way_to_heat_my_home_i_have_an/j2p9q9s/,4,98.0,True
101rm5i,"Found a zero waste way to heat my home! I have an EPA certified wood stove. I found a local wood shop that has been sending all of their end cuts of good hardwood to the dump. Now the wood stays out of the dump, and I have a free source of heat!",that_cachorro_life,,https://i.redd.it/5tajk41bcr9a1.jpg,"{'bytes': None, 'path': 'https://i.redd.it/5tajk41bcr9a1.jpg'}",zerowaste,1/2/23 23:40,5069,/r/ZeroWaste/comments/101rm5i/found_a_zero_waste_way_to_heat_my_home_i_have_an/,7,BrakeFastBurrito,"This is a good thing if it leads to you burning less fossil fuel. Unless you’re willing to bundle up in the cold or you have a renewable alternative available, I support this!",1/3/23 1:37,3,/r/ZeroWaste/comments/101rm5i/found_a_zero_waste_way_to_heat_my_home_i_have_an/j2pkxwz/,1,31.0,True
101rm5i,"Found a zero waste way to heat my home! I have an EPA certified wood stove. I found a local wood shop that has been sending all of their end cuts of good hardwood to the dump. Now the wood stays out of the dump, and I have a free source of heat!",that_cachorro_life,,https://i.redd.it/5tajk41bcr9a1.jpg,"{'bytes': None, 'path': 'https://i.redd.it/5tajk41bcr9a1.jpg'}",zerowaste,1/2/23 23:40,5069,/r/ZeroWaste/comments/101rm5i/found_a_zero_waste_way_to_heat_my_home_i_have_an/,8,,[removed],1/3/23 0:47,3,/r/ZeroWaste/comments/101rm5i/found_a_zero_waste_way_to_heat_my_home_i_have_an/j2pdoar/,4,90.0,True
101rm5i,"Found a zero waste way to heat my home! I have an EPA certified wood stove. I found a local wood shop that has been sending all of their end cuts of good hardwood to the dump. Now the wood stays out of the dump, and I have a free source of heat!",that_cachorro_life,,https://i.redd.it/5tajk41bcr9a1.jpg,"{'bytes': None, 'path': 'https://i.redd.it/5tajk41bcr9a1.jpg'}",zerowaste,1/2/23 23:40,5069,/r/ZeroWaste/comments/101rm5i/found_a_zero_waste_way_to_heat_my_home_i_have_an/,9,d-h-a,I know this feels good lol. I love love love when things like this happen and it just works out for everyone and most importantly our Earth.,1/3/23 2:02,3,/r/ZeroWaste/comments/101rm5i/found_a_zero_waste_way_to_heat_my_home_i_have_an/j2ponhe/,1,12.0,True
101rm5i,"Found a zero waste way to heat my home! I have an EPA certified wood stove. I found a local wood shop that has been sending all of their end cuts of good hardwood to the dump. Now the wood stays out of the dump, and I have a free source of heat!",that_cachorro_life,,https://i.redd.it/5tajk41bcr9a1.jpg,"{'bytes': None, 'path': 'https://i.redd.it/5tajk41bcr9a1.jpg'}",zerowaste,1/2/23 23:40,5069,/r/ZeroWaste/comments/101rm5i/found_a_zero_waste_way_to_heat_my_home_i_have_an/,10,,[removed],1/3/23 1:21,-13,/r/ZeroWaste/comments/101rm5i/found_a_zero_waste_way_to_heat_my_home_i_have_an/j2pinu0/,1,3.0,True
101shy1,Cut down on junk mail! TIL credit card companies have to provide this number to opt out prescreened offers.,Patient-War-4964,,https://i.redd.it/fa1m7axrir9a1.jpg,"{'bytes': None, 'path': 'https://i.redd.it/fa1m7axrir9a1.jpg'}",sustainability,1/3/23 0:16,336,/r/sustainability/comments/101shy1/cut_down_on_junk_mail_til_credit_card_companies/,0,TheOtherSarah,*in the US,1/3/23 3:51,18,/r/sustainability/comments/101shy1/cut_down_on_junk_mail_til_credit_card_companies/j2q4gle/,1,6.0,True
101shy1,Cut down on junk mail! TIL credit card companies have to provide this number to opt out prescreened offers.,Patient-War-4964,,https://i.redd.it/fa1m7axrir9a1.jpg,"{'bytes': None, 'path': 'https://i.redd.it/fa1m7axrir9a1.jpg'}",sustainability,1/3/23 0:16,336,/r/sustainability/comments/101shy1/cut_down_on_junk_mail_til_credit_card_companies/,1,Luxxielisbon,I tried something like this once but asked for so much personal info I wasn’t comfortable doing so,1/3/23 6:52,11,/r/sustainability/comments/101shy1/cut_down_on_junk_mail_til_credit_card_companies/j2qnyzy/,2,10.0,True
101xta6,'Absolute Madness': Record-Shattering Heat Dome Hits Europe,burtzev,,https://www.commondreams.org/news/europe-record-temperatures-january,,climate,1/3/23 4:15,827,/r/climate/comments/101xta6/absolute_madness_recordshattering_heat_dome_hits/,0,donniec86,"I live in south Europe and I am horrified by the 20+ degrees we’ve experienced in these weeks. This morning I went out in pajamas to throw the garbage in the bin, it was as warm as during a fine April day. Agriculture will suffer the most.",1/3/23 13:13,182,/r/climate/comments/101xta6/absolute_madness_recordshattering_heat_dome_hits/j2rirc1/,1,30.0,True
101xta6,'Absolute Madness': Record-Shattering Heat Dome Hits Europe,burtzev,,https://www.commondreams.org/news/europe-record-temperatures-january,,climate,1/3/23 4:15,827,/r/climate/comments/101xta6/absolute_madness_recordshattering_heat_dome_hits/,1,,"The worst is that it is intellectually shattering, but intuitively you think, ""What a nice day!""

The gap between your emotional reaction to a nice day, and your understanding that this is one more tiny piece of evidence of how bad we are off, it's extremely disturbing: cognitive dissonance.",1/3/23 11:37,247,/r/climate/comments/101xta6/absolute_madness_recordshattering_heat_dome_hits/j2r9rrz/,2,129.0,True
101xta6,'Absolute Madness': Record-Shattering Heat Dome Hits Europe,burtzev,,https://www.commondreams.org/news/europe-record-temperatures-january,,climate,1/3/23 4:15,827,/r/climate/comments/101xta6/absolute_madness_recordshattering_heat_dome_hits/,2,,"Ministry for the Future - style killer heat wave soon coming to a planet near us.  
Summer in the S hemisphere is just 2 weeks old...",1/3/23 17:39,22,/r/climate/comments/101xta6/absolute_madness_recordshattering_heat_dome_hits/j2sjuxy/,1,5.0,True
101xta6,'Absolute Madness': Record-Shattering Heat Dome Hits Europe,burtzev,,https://www.commondreams.org/news/europe-record-temperatures-january,,climate,1/3/23 4:15,827,/r/climate/comments/101xta6/absolute_madness_recordshattering_heat_dome_hits/,3,GinaLaBambina,"Worth to rewatch, we were warned. My generation failed you, I apologize 
https://youtu.be/Wp-WiNXH6hI",1/3/23 20:13,16,/r/climate/comments/101xta6/absolute_madness_recordshattering_heat_dome_hits/j2t923u/,1,2.0,True
101xta6,'Absolute Madness': Record-Shattering Heat Dome Hits Europe,burtzev,,https://www.commondreams.org/news/europe-record-temperatures-january,,climate,1/3/23 4:15,827,/r/climate/comments/101xta6/absolute_madness_recordshattering_heat_dome_hits/,4,scho4781,Aaaaaaand here comes the famine,1/3/23 14:47,55,/r/climate/comments/101xta6/absolute_madness_recordshattering_heat_dome_hits/j2ru07k/,1,10.0,True
102318b,Renewables powered nearly 23% of US electricity as of Oct 2022,tta2013,,https://electrek.co/2023/01/02/renewables-us-electricity-oct-2022/,,energy,1/3/23 8:57,321,/r/energy/comments/102318b/renewables_powered_nearly_23_of_us_electricity_as/,0,jengert,"It's worth noting, bio mass is a renewable power source.  A lot of renewable power is mostly hydro power.  According to the article, wind plus solar make up 14.85% of that 22.6%.  With rivers drying up, electricity from places like Hoover dam are in danger.  This may be an issue in the near future.",1/3/23 13:05,8,/r/energy/comments/102318b/renewables_powered_nearly_23_of_us_electricity_as/j2rhxdu/,1,12.0,True
102318b,Renewables powered nearly 23% of US electricity as of Oct 2022,tta2013,,https://electrek.co/2023/01/02/renewables-us-electricity-oct-2022/,,energy,1/3/23 8:57,321,/r/energy/comments/102318b/renewables_powered_nearly_23_of_us_electricity_as/,1,BlaineBMA,"We are really not doing enough

Germany is kicking our butt",1/3/23 12:25,6,/r/energy/comments/102318b/renewables_powered_nearly_23_of_us_electricity_as/j2rdxzd/,1,12.0,True
