variable,count,mean,std,min,25%,50%,75%,max
emotion_jsd_polarization,4779.0,0.5425865557488244,0.11382383141589296,0.0462862201660598,0.48436399913537953,0.5545447033244807,0.6165389282178095,0.7926925880274791
valence_std_polarization,6364.0,0.3179078698158264,0.2608415484428406,0.0,0.0011892865877598524,0.3401874452829361,0.516665980219841,1.8259121179580688
dominant_emotion_entropy,6364.0,0.6318375283502405,0.43504972847019324,0.0,0.0,0.8962406251802889,0.9825675930733636,1.0000000000000002
emotion_conflict_index,6364.0,0.10852501610681113,0.10367534293950344,0.0,0.0,0.1383957633148684,0.2075936449723025,0.25
high_arousal_share,6364.0,0.23038678299353613,0.2830697136801714,0.0,0.0,0.15384615384615385,0.375,1.0
negative_share,6364.0,0.43608945815416034,0.34332652397616226,0.0,0.0,0.47058823529411764,0.6666666666666666,1.0
positive_share,6364.0,0.5639105418458397,0.34332652397616226,0.0,0.3333333333333333,0.5294117647058824,1.0,1.0
post_heat_log,6364.0,6.805576331033716,1.2603417220086726,4.406719247264253,5.857933154483459,6.54534966033442,8.052296499538647,10.934463192488426
engagement_heat,6364.0,15.38616109221802,4.247419861697455,5.170483995038152,12.150881233919995,15.046152750835773,18.715435746897626,29.639236397996285
