topic_id,topic_label_zh,topic_label_en,comment_count,mean_comment_heat_composite,median_comment_heat_composite,mean_positive_score,mean_negative_score,mean_arousal_score,mean_sentiment_valence,mean_emotion_intensity,top_dominant_emotion,comment_share
0,气候变化综合讨论与全球影响,General Climate Change Discussion and Global Impacts,12090,4.160102746066778,4.01267039447205,0.28839383,0.26838902,0.16732368,0.020004818,0.44085193,neutral,0.42860181508791834
3,太阳能、风能、核电与电网转型,"Solar, Wind, Nuclear Power, and Grid Transition",2338,3.4881012093417634,3.430399652771651,0.24384537,0.2210414,0.116054185,0.02280395,0.3900052,neutral,0.08288428814520703
4,塑料污染、零废弃与循环消费,"Plastic Pollution, Zero Waste, and Circular Consumption",2302,4.908981469420268,4.852066445994926,0.33055744,0.22049804,0.12529272,0.1100594,0.45751077,neutral,0.08160805445263755
1,油气能源、煤炭与价格争议,"Oil, Gas, Coal, and Energy Price Debate",1921,3.525295915196837,3.3659632326835665,0.2330797,0.22843286,0.12054154,0.0046468405,0.37649298,neutral,0.06810124787294385
6,怀疑、否认与消极态度表达,"Skepticism, Denial, and Negative Personal Attitudes",1802,4.247585601443218,4.10943253759371,0.26642287,0.3483151,0.16806653,-0.08189224,0.4613747,neutral,0.06388258650028361
7,肉类消费、素食主义与饮食转型,"Meat Consumption, Veganism, and Dietary Transition",1566,4.125663967009996,4.070318398151605,0.30936784,0.24167198,0.11721674,0.06769586,0.43612543,neutral,0.05551616562677255
9,好消息、积极评价与解决方案想象,"Good News, Positive Evaluation, and Solution Framing",1479,4.390452446686065,4.268089811152264,0.5650098,0.25820872,0.12168622,0.30680102,0.5229375,neutral,0.05243193420306296
2,气候历史、冰期与长期变暖尺度,"Climate History, Ice Ages, and Long-Term Warming",1399,3.94312791842836,3.838530894359265,0.27968207,0.26502505,0.1599363,0.01465701,0.4082704,neutral,0.04959585933068633
8,行动呼吁、电动车与基础设施建设,"Calls for Action, EVs, and Infrastructure Development",1279,4.232874239431369,4.110464609842907,0.34574902,0.2366429,0.11867881,0.10910613,0.40178752,neutral,0.04534174702212138
5,化石燃料产业、碳排放与能源转型,"Fossil Fuel Industry, Carbon Emissions, and Energy Transition",1035,3.8090573307969833,3.7311029148316313,0.24765614,0.2501284,0.1267928,-0.002472271,0.38492993,neutral,0.03669171866137266
-1,未分配,Unassigned,997,4.108407414989025,3.9175444878719876,0.15831953,0.18388246,0.14671785,-0.025562935,0.31251428,neutral,0.03534458309699376
