variable,post_heat_log,engagement_heat,comment_discussion_heat,emotion_conflict_index,emotion_jsd_polarization,dominant_emotion_entropy,high_arousal_share,negative_share,mean_negative_score,mean_arousal_score
post_heat_log,1.0,0.8552408855256591,0.5139665705008802,0.29637421624480886,0.13498374482361136,0.33354566987368034,0.06022660381520573,-0.004118339932995594,0.03346415240345699,0.08028202276439238
engagement_heat,0.8552408855256591,1.0,0.716330493029847,0.4314884354576069,0.09581224785317614,0.47856154451780664,0.0805109124069549,0.021978835838296667,0.06287591197741972,0.09992639003962993
comment_discussion_heat,0.5139665705008802,0.716330493029847,1.0,0.5919790954547823,-0.023829699049691747,0.5874869372936282,0.08697043672440573,0.08079180263767773,0.10126301518915312,0.10456501021292582
emotion_conflict_index,0.29637421624480886,0.4314884354576069,0.5919790954547823,1.0,0.33295350621826714,0.6933024235859415,0.11833879449525728,0.14105270137890386,0.16798597954264438,0.14009933544463035
emotion_jsd_polarization,0.13498374482361136,0.09581224785317614,-0.023829699049691747,0.33295350621826714,1.0,0.6512937344227008,0.15068771544614856,-0.08559005270197398,0.14204894206175647,0.21575930219530856
dominant_emotion_entropy,0.33354566987368034,0.47856154451780664,0.5874869372936282,0.6933024235859415,0.6512937344227008,1.0,0.0920242563286162,0.03134760270911806,0.11599674419281153,0.12920541096757251
high_arousal_share,0.06022660381520573,0.0805109124069549,0.08697043672440573,0.11833879449525728,0.15068771544614856,0.0920242563286162,1.0,0.34854200985781975,0.5418249542300166,0.7929623550288042
negative_share,-0.004118339932995594,0.021978835838296667,0.08079180263767773,0.14105270137890386,-0.08559005270197398,0.03134760270911806,0.34854200985781975,1.0,0.6445161383591642,0.35129518505174034
mean_negative_score,0.03346415240345699,0.06287591197741972,0.10126301518915312,0.16798597954264438,0.14204894206175647,0.11599674419281153,0.5418249542300166,0.6445161383591642,1.0,0.6030790020560102
mean_arousal_score,0.08028202276439238,0.09992639003962993,0.10456501021292582,0.14009933544463035,0.21575930219530856,0.12920541096757251,0.7929623550288042,0.35129518505174034,0.6030790020560102,1.0
