task,model_name,feature_group,total_importance,importance_share
M1,Logistic Regression,dominant_emotion,0.02944812850317466,0.11889079143719711
M1,Logistic Regression,emotion,0.020021667971733395,0.08083338643389666
M1,Logistic Regression,subreddit,0.1758484783089473,0.7099522387958771
M1,Logistic Regression,text,0.020125957012039217,0.08125443208842266
M1,Logistic Regression,topic,0.002246343287292951,0.009069151244606343
M2,Random Forest,mean_emotion,0.013873549072440414,0.023771261465614885
M2,Random Forest,polarization,0.03976332723221797,0.0681314091617358
M2,Random Forest,reply_shift,0.0070094257795671605,0.01201011306190614
M2,Random Forest,subreddit,0.5219175136922475,0.894265599716488
M2,Random Forest,topic,-0.0010631445557960778,-0.001821616594255363
