post_id,post_title,subreddit,post_timestamp,post_upvotes,post_permalink,parent_comment_index,parent_comment_author,parent_comment_body,parent_comment_upvotes,reply_index,reply_author,reply_body,reply_timestamp,reply_upvotes
1001ghj,"“The entire world is in trouble, and it’s weird that most people are focusing on the bodies themselves instead of the situation we’re in.” – Jennifer Byrnes, forensic anthropologist #GlobalCarbonFeeAndDividendPetition",climate,12/31/22 19:19,698,/r/climate/comments/1001ghj/the_entire_world_is_in_trouble_and_its_weird_that/,0,just-cuz-i,"“Climate change is so bad that an entire lake is disappearing, threatening the very existence of several major cities and revealing a century of evidence of crime and waste.”

“Crime! Let’s talk about that!!1!1!”",115,0,DatFatBear,"Climate change is a crime, a crime against humanity",12/31/22 22:49,47
10036hv,New York Approves Human Composting Law,sustainability,12/31/22 20:42,314,/r/sustainability/comments/10036hv/new_york_approves_human_composting_law/,0,wewewawa,"For Fischer, this alternative, green method of burial aligns with his philosophical view on life: to live in an environmentally conscious way.

The process goes like this:",6,0,rocketshipray,That's a pretty simple process. :),1/1/23 0:14,7
1006cei,High-efficiency water filter removes 99.9% of microplastics in 10 seconds,environment,12/31/22 23:19,3656,/r/environment/comments/1006cei/highefficiency_water_filter_removes_999_of/,0,newt_37,Great. How do we get it to scale and help our natural waters without harming the inhabitants?,432,0,Groovyjoker,"This is truly interesting. Should this technology prove practical, it may be possible to look at integrating it into water purification facilities. Interesting.",1/1/23 2:56,138
1006cei,High-efficiency water filter removes 99.9% of microplastics in 10 seconds,environment,12/31/22 23:19,3656,/r/environment/comments/1006cei/highefficiency_water_filter_removes_999_of/,0,newt_37,Great. How do we get it to scale and help our natural waters without harming the inhabitants?,432,1,dumnezero,It's going to be necessary at water treatment facilities.,1/1/23 8:12,39
1006cei,High-efficiency water filter removes 99.9% of microplastics in 10 seconds,environment,12/31/22 23:19,3656,/r/environment/comments/1006cei/highefficiency_water_filter_removes_999_of/,0,newt_37,Great. How do we get it to scale and help our natural waters without harming the inhabitants?,432,2,DweEbLez0,"Oh that’s easy! But first, they must charge an arm and a leg so you won’t need to worry about anything because you won’t be able to afford it",1/1/23 3:31,61
1006cei,High-efficiency water filter removes 99.9% of microplastics in 10 seconds,environment,12/31/22 23:19,3656,/r/environment/comments/1006cei/highefficiency_water_filter_removes_999_of/,0,newt_37,Great. How do we get it to scale and help our natural waters without harming the inhabitants?,432,3,adalast,"I am assuming that you mean to filter the plastics from open waters that are contaminated, eg rivers, lakes, and oceans. Unfortunately, like most filtration and purification technology, this will likely only be relevant to potable water. The inhabitants of any ecosystem would be damaged by this almost as much as the plastics themselves. In all water there is no way to remove the microorganisms which make up the bottom of the food chain without damaging them, so you couldn't pass the water through the filter and maintain the diversity. Also, this would likely filter other, naturally occurring organic molecules which these ecosystems use to survive.
For oceans, all of the above, plus issues dealing with salinity, which I would suspect could damage the filter and not release water of similar salinity to the source, not sure which way, that would cause issues with death bubbles and such.",1/1/23 9:38,25
1006cei,High-efficiency water filter removes 99.9% of microplastics in 10 seconds,environment,12/31/22 23:19,3656,/r/environment/comments/1006cei/highefficiency_water_filter_removes_999_of/,0,newt_37,Great. How do we get it to scale and help our natural waters without harming the inhabitants?,432,4,VersatileFaerie,"I think the big problem would be more so, ""how do we remove microplastics without removing all the needed things in the water?"" Say if we use it on rivers, filtering would also remove very small water life that fish feed on. It would also remove things like the small particles of slit that gets slowly deposited on shores that later goes on to help land be more fertile. In the ocean, it would have similar problems. There are too many small things in natural waters that would be filtered out that needs to stay in for the environment. 

This is great for drinking water but to make a product or system that can remove only microplastics would be insanely difficult if not impossible, at least for now. There is no telling what we will figure out in the future.",1/1/23 10:24,11
1006cei,High-efficiency water filter removes 99.9% of microplastics in 10 seconds,environment,12/31/22 23:19,3656,/r/environment/comments/1006cei/highefficiency_water_filter_removes_999_of/,1,xeneks,"Is the filter recyclable? Or does it, itself, create a plastic waste disposal issue?",69,0,xeneks,"I answered this myself a tiny part, looking at abstracts only, a bit more. A bit of searching:

https://link.springer.com/article/10.1007/s40242-022-1468-4

But that has nothing on what pollutants may be created or develop or are left from manufacturing, if they are used. 

But does say “Covalent triazine frameworks(CTFs) as a new type of porous organic polymers(POPs) with nitrogen-rich content, high chemical stability, visible light sensitive, metal-free and fully conjugated structure” which is great, as it gives me a starting-point. 

https://tohoku.pure.elsevier.com/en/publications/covalent-triazine-framework-modified-with-coordinatively-unsatura

Mentions CTFs still can have metals. 

https://www.ccdc.cam.ac.uk/Community/blog/difference-mof-cof-faq-metal-organic-framework/

This suggests there are hundreds of different structures, of COFs alone. 

“What is the difference between a MOF and a COF?
A metal organic framework can be pictured as a combination of metal atoms (or clusters) as nodes, with organic linkers. In a COF (or Covalent Organic Framework) these metal 'nodes' are instead replaced by a non-metal such as boron or nitrogen.

These COF structures are much less common (with less than 600 structures reported so far) and even fewer with published crystal structures.”

I assume MOFs are different to COFs with metals in them. It did mention a difference between 2d and 3d COFs and MOFs, where some are single layers of atoms, much like graphite sheets. 

https://www.journal.csj.jp/doi/full/10.1246/cl.210382

This tells me that the atomic assembly can be completely free from metals. 

Still nothing on biosafety, recyclability, or on biocompatibility, or on manufacturing sustainability, or inputs of materials and their sustainability. 

https://dspace.mit.edu/handle/1721.1/105379

Even in single atom thick layers (imagine a flat paper puzzle, instead of a pile or pallet of atomic bricks) it’s able to filter salt water. 

Going away from the science, especially as it’s not closely related to the CTFs mentioned that filter microplastics, there’s another popular magazine article here. 

https://interestingengineering.com/innovation/new-filter-removes-microplastics-water

And from that, I note that again, nothing is mentioned about the sustainability of manufacturing, of how safe it is, what it breaks down to in the environment, what the results of eating or drinking that nano-manufactured non-natural engineered material is, weather it would be safe if your children were swimming in water contaminated with materials leftover from the filter, or how even it’s manufactured, and what costs and waste products exist. 

I was only yesterday looking at F-gases, and the consequences of manufacturing post-it notes, and LCD screens and golf club carts, and how bad it is when companies discharge tonnes to hundreds or thousands or millions of tonnes of industrial pollutants. 

So sadly, all the text that appears shows nothing and gives no clues as to the safety, sustainability and recyclability of the ‘Covalent triazine frameworks’.

If there’s an issue that recycling is only reliable at scale, I think the history of plastics manufacturing has demonstrated how massive scale leads to competitive pressures and market forces drive down the prices to the point where no recycling is possible, as it’s commercially unviable in any comprehensive way. Actually, the collapse of a recycler in Australia, who only had one job - to recycle soft plastics, eg. Grocery and food bags, where said plastics are mostly well described as they are food safe ones, clearly highlights how absolutely dangerous it is to create filters that themselves might be a problem to recycle if they are made at any scale.",1/1/23 6:26,41
1006cei,High-efficiency water filter removes 99.9% of microplastics in 10 seconds,environment,12/31/22 23:19,3656,/r/environment/comments/1006cei/highefficiency_water_filter_removes_999_of/,1,xeneks,"Is the filter recyclable? Or does it, itself, create a plastic waste disposal issue?",69,1,Silurio1,"It's reusable with little degradation, however many uses that means is not detailed in the abstract. Considering it's a new material, recycling will depend on a lot of factors. It seems to be a complex shape of a more basic material that has other uses, so it may be recyclable.",1/1/23 6:26,3
1006cei,High-efficiency water filter removes 99.9% of microplastics in 10 seconds,environment,12/31/22 23:19,3656,/r/environment/comments/1006cei/highefficiency_water_filter_removes_999_of/,2,,And where do the filtered out microplastics go?,13,0,,[deleted],1/1/23 3:55,19
100jvm8,Gen Z climate activist Greta Thunberg’s putdown of macho troll Andrew Tate has quickly become one of the most-liked tweets ever,climate,1/1/23 13:38,8128,/r/climate/comments/100jvm8/gen_z_climate_activist_greta_thunbergs_putdown_of/,0,,I think you mean sex trafficker Andrew Tate,357,0,,[deleted],1/1/23 20:11,0
100jvm8,Gen Z climate activist Greta Thunberg’s putdown of macho troll Andrew Tate has quickly become one of the most-liked tweets ever,climate,1/1/23 13:38,8128,/r/climate/comments/100jvm8/gen_z_climate_activist_greta_thunbergs_putdown_of/,1,Parabola_Cunt,"Greta, if you’re listening out there in the cosmos, I am but a lowly 40 year old overweight man with a family. Please save us from Andrew Taint and the climate and our general lack of coolness compared to you. I hate to say it, but you are our only hope. #gretaforallthepresidencies",321,0,7LeagueBoots,"50 year old who has been working in environmental conservation for longer than Greta has been alive.

There are a *lot* of us who have been actively working on dealing with the issues she raises, and have been doing so for a very long time. Even back when I was a little kid there were a lot of folks who had recognized the problems and were working to curtail or stop them.

Greta is just one among many making noise and doing things to help.  The media has latched onto here and made her the ‘public face’ of all this, but she is far from the only one and far from the first.

All due credit to her, but it’s a *group* effort to address and fix the problems, not something that people can pin their hopes onto one person to ‘save’ us.

Raise your kids right, vote for responsible politicians, hold corporations and businesses (including the ones you work for/at/own) accountable, support education, support biodiversity, environmental, climate, etc efforts locally and globally, etc.",1/2/23 0:10,101
100jvm8,Gen Z climate activist Greta Thunberg’s putdown of macho troll Andrew Tate has quickly become one of the most-liked tweets ever,climate,1/1/23 13:38,8128,/r/climate/comments/100jvm8/gen_z_climate_activist_greta_thunbergs_putdown_of/,1,Parabola_Cunt,"Greta, if you’re listening out there in the cosmos, I am but a lowly 40 year old overweight man with a family. Please save us from Andrew Taint and the climate and our general lack of coolness compared to you. I hate to say it, but you are our only hope. #gretaforallthepresidencies",321,1,GarbageCleric,Another overweight 40 year old man with a family hoping Greta can keep being her awesome self. Her tweet KOd Tate faster than any MMA fighter could.,1/1/23 15:24,92
100jvm8,Gen Z climate activist Greta Thunberg’s putdown of macho troll Andrew Tate has quickly become one of the most-liked tweets ever,climate,1/1/23 13:38,8128,/r/climate/comments/100jvm8/gen_z_climate_activist_greta_thunbergs_putdown_of/,1,Parabola_Cunt,"Greta, if you’re listening out there in the cosmos, I am but a lowly 40 year old overweight man with a family. Please save us from Andrew Taint and the climate and our general lack of coolness compared to you. I hate to say it, but you are our only hope. #gretaforallthepresidencies",321,2,jolie_rouge,"Same, from a lowly overweight 40yo woman with a family lol",1/1/23 15:14,24
100jvm8,Gen Z climate activist Greta Thunberg’s putdown of macho troll Andrew Tate has quickly become one of the most-liked tweets ever,climate,1/1/23 13:38,8128,/r/climate/comments/100jvm8/gen_z_climate_activist_greta_thunbergs_putdown_of/,1,Parabola_Cunt,"Greta, if you’re listening out there in the cosmos, I am but a lowly 40 year old overweight man with a family. Please save us from Andrew Taint and the climate and our general lack of coolness compared to you. I hate to say it, but you are our only hope. #gretaforallthepresidencies",321,3,peelen,"> Please save us

You are 40 years old, and you ask 19 years old to save you?
It’s your job.",1/1/23 16:03,-11
100jvm8,Gen Z climate activist Greta Thunberg’s putdown of macho troll Andrew Tate has quickly become one of the most-liked tweets ever,climate,1/1/23 13:38,8128,/r/climate/comments/100jvm8/gen_z_climate_activist_greta_thunbergs_putdown_of/,1,Parabola_Cunt,"Greta, if you’re listening out there in the cosmos, I am but a lowly 40 year old overweight man with a family. Please save us from Andrew Taint and the climate and our general lack of coolness compared to you. I hate to say it, but you are our only hope. #gretaforallthepresidencies",321,4,Reference-Reef,"You, specifically, are why the world is falling apart. Your mediocrity and mental degeneration have brought us here.",1/2/23 3:17,0
100jvm8,Gen Z climate activist Greta Thunberg’s putdown of macho troll Andrew Tate has quickly become one of the most-liked tweets ever,climate,1/1/23 13:38,8128,/r/climate/comments/100jvm8/gen_z_climate_activist_greta_thunbergs_putdown_of/,1,Parabola_Cunt,"Greta, if you’re listening out there in the cosmos, I am but a lowly 40 year old overweight man with a family. Please save us from Andrew Taint and the climate and our general lack of coolness compared to you. I hate to say it, but you are our only hope. #gretaforallthepresidencies",321,5,,[deleted],1/1/23 16:15,-7
100jvm8,Gen Z climate activist Greta Thunberg’s putdown of macho troll Andrew Tate has quickly become one of the most-liked tweets ever,climate,1/1/23 13:38,8128,/r/climate/comments/100jvm8/gen_z_climate_activist_greta_thunbergs_putdown_of/,1,Parabola_Cunt,"Greta, if you’re listening out there in the cosmos, I am but a lowly 40 year old overweight man with a family. Please save us from Andrew Taint and the climate and our general lack of coolness compared to you. I hate to say it, but you are our only hope. #gretaforallthepresidencies",321,6,oppairate,"she’s not remotely our only hope or even necessarily our best. and either way, Andrew got his attention, and people are still talking about it days later, maybe into next week. nobody won anything here. most lost in fact.",1/1/23 17:12,-7
100jvm8,Gen Z climate activist Greta Thunberg’s putdown of macho troll Andrew Tate has quickly become one of the most-liked tweets ever,climate,1/1/23 13:38,8128,/r/climate/comments/100jvm8/gen_z_climate_activist_greta_thunbergs_putdown_of/,1,Parabola_Cunt,"Greta, if you’re listening out there in the cosmos, I am but a lowly 40 year old overweight man with a family. Please save us from Andrew Taint and the climate and our general lack of coolness compared to you. I hate to say it, but you are our only hope. #gretaforallthepresidencies",321,7,RedWong15,[... ok](https://thumbs.gfycat.com/BiodegradableEnchantingCaracal-size_restricted.gif),1/2/23 2:24,-1
100jvm8,Gen Z climate activist Greta Thunberg’s putdown of macho troll Andrew Tate has quickly become one of the most-liked tweets ever,climate,1/1/23 13:38,8128,/r/climate/comments/100jvm8/gen_z_climate_activist_greta_thunbergs_putdown_of/,1,Parabola_Cunt,"Greta, if you’re listening out there in the cosmos, I am but a lowly 40 year old overweight man with a family. Please save us from Andrew Taint and the climate and our general lack of coolness compared to you. I hate to say it, but you are our only hope. #gretaforallthepresidencies",321,8,NotSoMrNiceGuy,cringe comment,1/2/23 4:40,-1
100jvm8,Gen Z climate activist Greta Thunberg’s putdown of macho troll Andrew Tate has quickly become one of the most-liked tweets ever,climate,1/1/23 13:38,8128,/r/climate/comments/100jvm8/gen_z_climate_activist_greta_thunbergs_putdown_of/,1,Parabola_Cunt,"Greta, if you’re listening out there in the cosmos, I am but a lowly 40 year old overweight man with a family. Please save us from Andrew Taint and the climate and our general lack of coolness compared to you. I hate to say it, but you are our only hope. #gretaforallthepresidencies",321,9,Huskyy23,"Sheesh, never seen a more loser comment than this 💀 how on EARTH do you hold her in such high regard",1/1/23 15:38,-21
100jvm8,Gen Z climate activist Greta Thunberg’s putdown of macho troll Andrew Tate has quickly become one of the most-liked tweets ever,climate,1/1/23 13:38,8128,/r/climate/comments/100jvm8/gen_z_climate_activist_greta_thunbergs_putdown_of/,2,fujidust,"I think they are referring to this tweet:

https://twitter.com/GretaThunberg/status/1608056944501178368?s=20&t=tEBf6rOSkaGpzhpNE_Bb8g*",12,0,nio_nl,"Her tweet two days later:

>this is what happens when you don’t recycle your pizza boxes

https://twitter.com/GretaThunberg/status/1608735970131849217",1/2/23 7:52,6
100jvm8,Gen Z climate activist Greta Thunberg’s putdown of macho troll Andrew Tate has quickly become one of the most-liked tweets ever,climate,1/1/23 13:38,8128,/r/climate/comments/100jvm8/gen_z_climate_activist_greta_thunbergs_putdown_of/,2,fujidust,"I think they are referring to this tweet:

https://twitter.com/GretaThunberg/status/1608056944501178368?s=20&t=tEBf6rOSkaGpzhpNE_Bb8g*",12,1,Pseudocaesar,Cheers Geoff,1/2/23 4:06,1
100jvm8,Gen Z climate activist Greta Thunberg’s putdown of macho troll Andrew Tate has quickly become one of the most-liked tweets ever,climate,1/1/23 13:38,8128,/r/climate/comments/100jvm8/gen_z_climate_activist_greta_thunbergs_putdown_of/,3,Senior_Accident2278,Elon will jack up the likes on one of his tweets so he can have more likes and p0wn her. Just watch.,66,0,,"So he wants to defend Tate because…?

Yeah, not gonna happen",1/1/23 16:59,12
100jvm8,Gen Z climate activist Greta Thunberg’s putdown of macho troll Andrew Tate has quickly become one of the most-liked tweets ever,climate,1/1/23 13:38,8128,/r/climate/comments/100jvm8/gen_z_climate_activist_greta_thunbergs_putdown_of/,3,Senior_Accident2278,Elon will jack up the likes on one of his tweets so he can have more likes and p0wn her. Just watch.,66,1,Grogosh,All he needs to is change the database directly,1/1/23 14:38,4
100jvm8,Gen Z climate activist Greta Thunberg’s putdown of macho troll Andrew Tate has quickly become one of the most-liked tweets ever,climate,1/1/23 13:38,8128,/r/climate/comments/100jvm8/gen_z_climate_activist_greta_thunbergs_putdown_of/,4,greihund,Elon Musk probably owes her about a billion dollars for the good news coming from his platform. But what is it about Elon Musk that makes me think that next year he might turn out to be a climate change denier who advocates for continued coal use,17,0,geethanksprofessor,"He's given you ""88 million"" reasons to distrust him.",1/1/23 19:28,6
100jvm8,Gen Z climate activist Greta Thunberg’s putdown of macho troll Andrew Tate has quickly become one of the most-liked tweets ever,climate,1/1/23 13:38,8128,/r/climate/comments/100jvm8/gen_z_climate_activist_greta_thunbergs_putdown_of/,4,greihund,Elon Musk probably owes her about a billion dollars for the good news coming from his platform. But what is it about Elon Musk that makes me think that next year he might turn out to be a climate change denier who advocates for continued coal use,17,1,Bad-Lifeguard1746,"Cybertruck comes with a smokestack to recharge the battery upon its release, in 2035.",1/1/23 18:55,2
100jvm8,Gen Z climate activist Greta Thunberg’s putdown of macho troll Andrew Tate has quickly become one of the most-liked tweets ever,climate,1/1/23 13:38,8128,/r/climate/comments/100jvm8/gen_z_climate_activist_greta_thunbergs_putdown_of/,5,DMayr,Worst paywall ever.,6,0,AutoModerator,"Soft paywalls, such as the type newspapers use, can largely be bypassed by looking up the page on an archive site, such as [web.archive.org](https://web.archive.org) or [archive.is](https://archive.is)

*I am a bot, and this action was performed automatically. Please [contact the moderators of this subreddit](/message/compose/?to=/r/climate) if you have any questions or concerns.*",1/2/23 2:31,1
100jvm8,Gen Z climate activist Greta Thunberg’s putdown of macho troll Andrew Tate has quickly become one of the most-liked tweets ever,climate,1/1/23 13:38,8128,/r/climate/comments/100jvm8/gen_z_climate_activist_greta_thunbergs_putdown_of/,6,ConsciousCr8or,Needs subscription to read. Is there an open link,3,0,JBloodthorn,Reader mode in Opera or Firefox works.,1/2/23 5:55,2
100jvm8,Gen Z climate activist Greta Thunberg’s putdown of macho troll Andrew Tate has quickly become one of the most-liked tweets ever,climate,1/1/23 13:38,8128,/r/climate/comments/100jvm8/gen_z_climate_activist_greta_thunbergs_putdown_of/,7,Ceptor777,I rather have a macho troll to deal with then a lil girl with a built up ego serving elite agendas !,1,0,nio_nl,"Ugh, I hate elite agendas, I can never write in them with anything other than expensive pens.",1/2/23 7:55,1
100jvm8,Gen Z climate activist Greta Thunberg’s putdown of macho troll Andrew Tate has quickly become one of the most-liked tweets ever,climate,1/1/23 13:38,8128,/r/climate/comments/100jvm8/gen_z_climate_activist_greta_thunbergs_putdown_of/,8,julioqc,Sure but the body shaming part is a bit off brand tbh...,-24,0,,"Yeah, I guess a grown man harassing a teenage girl isn’t as important as a dick joke.",1/1/23 18:43,27
100jvm8,Gen Z climate activist Greta Thunberg’s putdown of macho troll Andrew Tate has quickly become one of the most-liked tweets ever,climate,1/1/23 13:38,8128,/r/climate/comments/100jvm8/gen_z_climate_activist_greta_thunbergs_putdown_of/,8,julioqc,Sure but the body shaming part is a bit off brand tbh...,-24,1,ggroverggiraffe,Gotta hit 'em where it hurts. 🎯,1/1/23 18:02,11
100jvm8,Gen Z climate activist Greta Thunberg’s putdown of macho troll Andrew Tate has quickly become one of the most-liked tweets ever,climate,1/1/23 13:38,8128,/r/climate/comments/100jvm8/gen_z_climate_activist_greta_thunbergs_putdown_of/,8,julioqc,Sure but the body shaming part is a bit off brand tbh...,-24,2,GJacks75,"It's not body-shaming, it's attitude-shaming. ""Small dick energy"" has very little to do with the size of your dick, just so you know. 

She was mocking him for his obvious insecurities, and I'm all for it.",1/2/23 6:24,1
100jvm8,Gen Z climate activist Greta Thunberg’s putdown of macho troll Andrew Tate has quickly become one of the most-liked tweets ever,climate,1/1/23 13:38,8128,/r/climate/comments/100jvm8/gen_z_climate_activist_greta_thunbergs_putdown_of/,9,Ceptor777,"Greta and the social engineers behind her want males to act like females and females act like man .. look at the data generated from te last years .. the whole so called modern feminist agenda is placed to mislead younger females creating porn pages in order to gain funds .. 

Stop eating out the hands of these vultures and think for yourself ! 

Greta is being pushed , the ones behind her have real bad agendas 

Do the research and see for yourself !",-2,0,youreadusernamestoo,Lol you forgot the /s.,1/2/23 7:39,2
100jvm8,Gen Z climate activist Greta Thunberg’s putdown of macho troll Andrew Tate has quickly become one of the most-liked tweets ever,climate,1/1/23 13:38,8128,/r/climate/comments/100jvm8/gen_z_climate_activist_greta_thunbergs_putdown_of/,9,Ceptor777,"Greta and the social engineers behind her want males to act like females and females act like man .. look at the data generated from te last years .. the whole so called modern feminist agenda is placed to mislead younger females creating porn pages in order to gain funds .. 

Stop eating out the hands of these vultures and think for yourself ! 

Greta is being pushed , the ones behind her have real bad agendas 

Do the research and see for yourself !",-2,1,GeraldKutney,What garbage!,1/2/23 13:04,0
100jvm8,Gen Z climate activist Greta Thunberg’s putdown of macho troll Andrew Tate has quickly become one of the most-liked tweets ever,climate,1/1/23 13:38,8128,/r/climate/comments/100jvm8/gen_z_climate_activist_greta_thunbergs_putdown_of/,10,andrew314159,"The body shaming tweet? Great he was arrested and he is a horrible person. That said I thought body shaming was falling out of fashion

Edit: to be clear I am no fan of Tate. He seems like terrible person from what I’ve heard",-42,0,R7ype,Is small dick energy body shaming?,1/1/23 16:44,12
100jvm8,Gen Z climate activist Greta Thunberg’s putdown of macho troll Andrew Tate has quickly become one of the most-liked tweets ever,climate,1/1/23 13:38,8128,/r/climate/comments/100jvm8/gen_z_climate_activist_greta_thunbergs_putdown_of/,10,andrew314159,"The body shaming tweet? Great he was arrested and he is a horrible person. That said I thought body shaming was falling out of fashion

Edit: to be clear I am no fan of Tate. He seems like terrible person from what I’ve heard",-42,1,wheresbill,Found Andrew Tate,1/1/23 16:38,14
100jvm8,Gen Z climate activist Greta Thunberg’s putdown of macho troll Andrew Tate has quickly become one of the most-liked tweets ever,climate,1/1/23 13:38,8128,/r/climate/comments/100jvm8/gen_z_climate_activist_greta_thunbergs_putdown_of/,10,andrew314159,"The body shaming tweet? Great he was arrested and he is a horrible person. That said I thought body shaming was falling out of fashion

Edit: to be clear I am no fan of Tate. He seems like terrible person from what I’ve heard",-42,2,ChuckFina74,This is how a mob works lol,1/1/23 20:41,4
100jvm8,Gen Z climate activist Greta Thunberg’s putdown of macho troll Andrew Tate has quickly become one of the most-liked tweets ever,climate,1/1/23 13:38,8128,/r/climate/comments/100jvm8/gen_z_climate_activist_greta_thunbergs_putdown_of/,10,andrew314159,"The body shaming tweet? Great he was arrested and he is a horrible person. That said I thought body shaming was falling out of fashion

Edit: to be clear I am no fan of Tate. He seems like terrible person from what I’ve heard",-42,3,dwfishee,"She’s referring to his personality, not his body. Thus the word “energy.” She’s simply calling him out for purposefully going out of his way to show he has crappy character. He believes himself to be weak and doesn’t have the insight to see that others see this plain as day. Part of his messge was that he’s proud of having a lack of empathy for others, and a lack of empathy is always weakness. And why? He has enormous priviledge. Who knows, he may have big body parts. Neither Greta or I care. Despite being an adult he continues to act like a hurt child. He’s pathetic but doesn’t need to be. An implication is, dude get some therapy.",1/1/23 22:00,3
100jvm8,Gen Z climate activist Greta Thunberg’s putdown of macho troll Andrew Tate has quickly become one of the most-liked tweets ever,climate,1/1/23 13:38,8128,/r/climate/comments/100jvm8/gen_z_climate_activist_greta_thunbergs_putdown_of/,10,andrew314159,"The body shaming tweet? Great he was arrested and he is a horrible person. That said I thought body shaming was falling out of fashion

Edit: to be clear I am no fan of Tate. He seems like terrible person from what I’ve heard",-42,4,,"Body shaming? That would only be true if she *knew* about his size.

Tate made a Big Dick energy statement, and got slammed because Greta wanted none of it.",1/1/23 16:56,7
100jvm8,Gen Z climate activist Greta Thunberg’s putdown of macho troll Andrew Tate has quickly become one of the most-liked tweets ever,climate,1/1/23 13:38,8128,/r/climate/comments/100jvm8/gen_z_climate_activist_greta_thunbergs_putdown_of/,10,andrew314159,"The body shaming tweet? Great he was arrested and he is a horrible person. That said I thought body shaming was falling out of fashion

Edit: to be clear I am no fan of Tate. He seems like terrible person from what I’ve heard",-42,5,captainfalcon93,Agreed. I didn't even know who Andrew Tate was and he seemed like an absolute shitbag but I lost respect for Greta for using such immature and pointlessly bodyshaming rhetoric.,1/1/23 17:16,-7
100jvm8,Gen Z climate activist Greta Thunberg’s putdown of macho troll Andrew Tate has quickly become one of the most-liked tweets ever,climate,1/1/23 13:38,8128,/r/climate/comments/100jvm8/gen_z_climate_activist_greta_thunbergs_putdown_of/,11,ComputerWorth3327,Greta only amuses the idiots that want to tax away bad weather and heat the world with solar panels. Not very educated people.,-8,0,GeraldKutney,Typical ranting of a climate denier. Listen to the science,1/2/23 2:15,7
100jvm8,Gen Z climate activist Greta Thunberg’s putdown of macho troll Andrew Tate has quickly become one of the most-liked tweets ever,climate,1/1/23 13:38,8128,/r/climate/comments/100jvm8/gen_z_climate_activist_greta_thunbergs_putdown_of/,11,ComputerWorth3327,Greta only amuses the idiots that want to tax away bad weather and heat the world with solar panels. Not very educated people.,-8,1,Zeremxi,">tax away bad weather

A gross and dishonest simplification of a concept that's already so simple a kindergartener can understand it. Are you the ""not very educated people"" you're referring to? 

>heat the world with solar panels

Ironically, the pollutants you casually handwaved in your first point make the earth retain much more heat than a solar panel could ever produce. Whatever your source of information is, they lied to you and probably received a large sum from the oil industry for the privilege.",1/2/23 2:43,3
100jvm8,Gen Z climate activist Greta Thunberg’s putdown of macho troll Andrew Tate has quickly become one of the most-liked tweets ever,climate,1/1/23 13:38,8128,/r/climate/comments/100jvm8/gen_z_climate_activist_greta_thunbergs_putdown_of/,12,orangesun845,She is such a tool.,-40,0,saintofcorgis,Your post history is exactly what I'd expect from this comment.,1/1/23 18:21,19
100jvm8,Gen Z climate activist Greta Thunberg’s putdown of macho troll Andrew Tate has quickly become one of the most-liked tweets ever,climate,1/1/23 13:38,8128,/r/climate/comments/100jvm8/gen_z_climate_activist_greta_thunbergs_putdown_of/,12,orangesun845,She is such a tool.,-40,1,,You seem to be easily offended on other’s behalf. Woke much?,1/1/23 19:48,6
100jvm8,Gen Z climate activist Greta Thunberg’s putdown of macho troll Andrew Tate has quickly become one of the most-liked tweets ever,climate,1/1/23 13:38,8128,/r/climate/comments/100jvm8/gen_z_climate_activist_greta_thunbergs_putdown_of/,12,orangesun845,She is such a tool.,-40,2,Nexrosus,"When you do the crime you do the time, right? As quoted by you. Sex traffickers belong in jail for a very long time.",1/1/23 21:06,3
100jvm8,Gen Z climate activist Greta Thunberg’s putdown of macho troll Andrew Tate has quickly become one of the most-liked tweets ever,climate,1/1/23 13:38,8128,/r/climate/comments/100jvm8/gen_z_climate_activist_greta_thunbergs_putdown_of/,13,dotcomslashwhatever,a generic unoriginal frankly tame response is marked as a take down,-13,0,SuitProfessional2654,Another keyboard warrior 🫡,1/1/23 22:01,8
100k134,"Ringing in the new year with kindness! A New Year's Eve fireworks display in Scarborough, England was cancelled at the last minute to protect a visiting Arctic walrus. The event was called off over fears it ""could cause distress to the mammal"".",environment,1/1/23 13:46,3918,/r/environment/comments/100k134/ringing_in_the_new_year_with_kindness_a_new_years/,0,halfanothersdozen,"""Okay"" - Everyone's dog",283,0,zmerlynn,"My first thought as well. Our dogs have trauma every single one of these firework days, and I’m American so it’s usually July 1st-7th and like 12/30-1/2 because people can’t quite seem to stick to JUST the day.",1/1/23 20:30,33
100k134,"Ringing in the new year with kindness! A New Year's Eve fireworks display in Scarborough, England was cancelled at the last minute to protect a visiting Arctic walrus. The event was called off over fears it ""could cause distress to the mammal"".",environment,1/1/23 13:46,3918,/r/environment/comments/100k134/ringing_in_the_new_year_with_kindness_a_new_years/,1,SapiusRex,All loud fireworks should be banned to avoid distressing all manner of wildlife.,271,0,finackles,"There are few things we are allowed to do that has so much impact on those around you. Fireworks start fires, hurt animals, wake babies, lose people sleep while they comfort animals, babies and so on. And the area of impact is huge, a circle hundreds of metres in diameter. Plus there is the environmental damage (chemicals, litter) and people who often can't afford it blow their money on them. Nothing good comes of it except filling a few wallets.",1/1/23 20:50,56
100k134,"Ringing in the new year with kindness! A New Year's Eve fireworks display in Scarborough, England was cancelled at the last minute to protect a visiting Arctic walrus. The event was called off over fears it ""could cause distress to the mammal"".",environment,1/1/23 13:46,3918,/r/environment/comments/100k134/ringing_in_the_new_year_with_kindness_a_new_years/,1,SapiusRex,All loud fireworks should be banned to avoid distressing all manner of wildlife.,271,1,Secure-Caregiver-905,And vets with PTSD,1/1/23 20:19,45
100k134,"Ringing in the new year with kindness! A New Year's Eve fireworks display in Scarborough, England was cancelled at the last minute to protect a visiting Arctic walrus. The event was called off over fears it ""could cause distress to the mammal"".",environment,1/1/23 13:46,3918,/r/environment/comments/100k134/ringing_in_the_new_year_with_kindness_a_new_years/,1,SapiusRex,All loud fireworks should be banned to avoid distressing all manner of wildlife.,271,2,Firm_Relative_7283,I so agree!,1/1/23 14:14,43
100k134,"Ringing in the new year with kindness! A New Year's Eve fireworks display in Scarborough, England was cancelled at the last minute to protect a visiting Arctic walrus. The event was called off over fears it ""could cause distress to the mammal"".",environment,1/1/23 13:46,3918,/r/environment/comments/100k134/ringing_in_the_new_year_with_kindness_a_new_years/,1,SapiusRex,All loud fireworks should be banned to avoid distressing all manner of wildlife.,271,3,Hedgehogz_Mom,And my domestic early warning mammals,1/1/23 17:50,18
100k134,"Ringing in the new year with kindness! A New Year's Eve fireworks display in Scarborough, England was cancelled at the last minute to protect a visiting Arctic walrus. The event was called off over fears it ""could cause distress to the mammal"".",environment,1/1/23 13:46,3918,/r/environment/comments/100k134/ringing_in_the_new_year_with_kindness_a_new_years/,1,SapiusRex,All loud fireworks should be banned to avoid distressing all manner of wildlife.,271,4,Fink665,And veterans of conflicts.,1/2/23 3:53,2
100k134,"Ringing in the new year with kindness! A New Year's Eve fireworks display in Scarborough, England was cancelled at the last minute to protect a visiting Arctic walrus. The event was called off over fears it ""could cause distress to the mammal"".",environment,1/1/23 13:46,3918,/r/environment/comments/100k134/ringing_in_the_new_year_with_kindness_a_new_years/,2,rubberloves,is this the walrus we all saw jerking off?,27,0,Astral_Enigma,"Am Scarborian, can confirm",1/1/23 16:59,12
100k134,"Ringing in the new year with kindness! A New Year's Eve fireworks display in Scarborough, England was cancelled at the last minute to protect a visiting Arctic walrus. The event was called off over fears it ""could cause distress to the mammal"".",environment,1/1/23 13:46,3918,/r/environment/comments/100k134/ringing_in_the_new_year_with_kindness_a_new_years/,3,,"He clearly appreciated it, he looked sooo relaxed in the videos - celebrating Palm Sunday while celebrating NYE!",10,0,Alia-of-the-Badlands,Lol!!,1/1/23 21:20,1
100k8mk,2022 Will Be Remembered as the Year the U.S. Became the World’s Largest Exporter of Liquified Natural Gas - Inside Climate News,energy,1/1/23 13:58,461,/r/energy/comments/100k8mk/2022_will_be_remembered_as_the_year_the_us_became/,0,mafco,">“President Biden has a clear blindspot when it comes to liquefied natural gas,” said Lukas Ross, a program manager at Friends of the Earth, an advocacy group. “What good is a carbon-free power sector by 2035 if the U.S. becomes even more of an exporting powerhouse?”

Fuck these ignorant takes. The US increased gas exports in a direct response to Putin's cutting off gas supplies to Europe, which helped keep Europeans from freezing to death and their economy from collapsing. Do these bedwetters really not comprehend the difference between short term necessity and long term strategy? Stupid article.",64,0,galacticwonderer,So you’re saying short term goals should not be confused with long term results. Absolutely.,1/1/23 19:15,14
100k8mk,2022 Will Be Remembered as the Year the U.S. Became the World’s Largest Exporter of Liquified Natural Gas - Inside Climate News,energy,1/1/23 13:58,461,/r/energy/comments/100k8mk/2022_will_be_remembered_as_the_year_the_us_became/,0,mafco,">“President Biden has a clear blindspot when it comes to liquefied natural gas,” said Lukas Ross, a program manager at Friends of the Earth, an advocacy group. “What good is a carbon-free power sector by 2035 if the U.S. becomes even more of an exporting powerhouse?”

Fuck these ignorant takes. The US increased gas exports in a direct response to Putin's cutting off gas supplies to Europe, which helped keep Europeans from freezing to death and their economy from collapsing. Do these bedwetters really not comprehend the difference between short term necessity and long term strategy? Stupid article.",64,1,sohcgt96,Right? Just because OUR exports are up doesn't mean a damn things in terms of aggregate worldwide usage. Some people seem to think we should just shut off all fossil fuel production as if most people around the world have a viable alternative in place.,1/2/23 6:29,5
100k8mk,2022 Will Be Remembered as the Year the U.S. Became the World’s Largest Exporter of Liquified Natural Gas - Inside Climate News,energy,1/1/23 13:58,461,/r/energy/comments/100k8mk/2022_will_be_remembered_as_the_year_the_us_became/,0,mafco,">“President Biden has a clear blindspot when it comes to liquefied natural gas,” said Lukas Ross, a program manager at Friends of the Earth, an advocacy group. “What good is a carbon-free power sector by 2035 if the U.S. becomes even more of an exporting powerhouse?”

Fuck these ignorant takes. The US increased gas exports in a direct response to Putin's cutting off gas supplies to Europe, which helped keep Europeans from freezing to death and their economy from collapsing. Do these bedwetters really not comprehend the difference between short term necessity and long term strategy? Stupid article.",64,2,GorillaP1mp,"Building 4 new export hubs, is hardly thinking short term, and jacking up the price of nat. gas here isnt super helpful to our economy.",1/1/23 18:19,-9
100k8mk,2022 Will Be Remembered as the Year the U.S. Became the World’s Largest Exporter of Liquified Natural Gas - Inside Climate News,energy,1/1/23 13:58,461,/r/energy/comments/100k8mk/2022_will_be_remembered_as_the_year_the_us_became/,0,mafco,">“President Biden has a clear blindspot when it comes to liquefied natural gas,” said Lukas Ross, a program manager at Friends of the Earth, an advocacy group. “What good is a carbon-free power sector by 2035 if the U.S. becomes even more of an exporting powerhouse?”

Fuck these ignorant takes. The US increased gas exports in a direct response to Putin's cutting off gas supplies to Europe, which helped keep Europeans from freezing to death and their economy from collapsing. Do these bedwetters really not comprehend the difference between short term necessity and long term strategy? Stupid article.",64,3,collegedormslut69,"uhhh the US is engaging in the war precisely to export more natural gas to europe, but that doesn’t seem like a convo you people are ready to have 🤡",1/1/23 17:23,-16
100k8mk,2022 Will Be Remembered as the Year the U.S. Became the World’s Largest Exporter of Liquified Natural Gas - Inside Climate News,energy,1/1/23 13:58,461,/r/energy/comments/100k8mk/2022_will_be_remembered_as_the_year_the_us_became/,0,mafco,">“President Biden has a clear blindspot when it comes to liquefied natural gas,” said Lukas Ross, a program manager at Friends of the Earth, an advocacy group. “What good is a carbon-free power sector by 2035 if the U.S. becomes even more of an exporting powerhouse?”

Fuck these ignorant takes. The US increased gas exports in a direct response to Putin's cutting off gas supplies to Europe, which helped keep Europeans from freezing to death and their economy from collapsing. Do these bedwetters really not comprehend the difference between short term necessity and long term strategy? Stupid article.",64,4,slotpoker888,"Putin didn't cut off supplies he eventually closed it down due to sanctions by the West because as usual Europe takes its orders from the US as Biden mentioned when he talked about destroying the Nordstream Pipeline and Germany will put up with it.

The US plan all along was to end the Russian gas supply to Europe and sell Europe LNG that is much more expensive, the strategy was all about money and is fucking over us consumers that continue to have increasing home gas prices with UK wholesale prices going up 400% in the last 12 months including 70% in the last 3 months. As usual it's the vulnerable, poor & working class of the UK + EUR who will suffer because of the US government.",1/2/23 4:17,-9
100k8mk,2022 Will Be Remembered as the Year the U.S. Became the World’s Largest Exporter of Liquified Natural Gas - Inside Climate News,energy,1/1/23 13:58,461,/r/energy/comments/100k8mk/2022_will_be_remembered_as_the_year_the_us_became/,1,Captainirishy,Very convenient that nord stream 2 blew up,10,0,relevant_rhino,"So my hot and spicy take is this. [The US actually did blow it up.](https://www.youtube.com/watch?v=JOE0SX1Y1ps) We have no reason not to trust the words of Joe IMO. Sure they deny it now, but who wouldn't.

But i am certainly not one of these Trump dick sucking rightwing conspiracy Q's.

As a European i actually like the move. Europe and especially Germany constantly lacked at least one ball in dealing with Russia. This way, the decision to may still buy a little gas from Putin or whom ever comes after him is taken away. 

I really wish Europe would act more decisive on helping Ukraine, yet we rely on the USA for massive military aid.",1/2/23 12:08,2
100k8mk,2022 Will Be Remembered as the Year the U.S. Became the World’s Largest Exporter of Liquified Natural Gas - Inside Climate News,energy,1/1/23 13:58,461,/r/energy/comments/100k8mk/2022_will_be_remembered_as_the_year_the_us_became/,2,CupformyCosta,Funny how that works after the nord stream pipelines were destroyed in a massive explosion.,-2,0,stewartm0205,"I thought that before the explosion, Europe wasn’t going to buy and Russia wasn’t going to sell. Also the explosion will only be a short term problem. The damage portion of the pipeline can be fixed.",1/1/23 20:19,8
100k8mk,2022 Will Be Remembered as the Year the U.S. Became the World’s Largest Exporter of Liquified Natural Gas - Inside Climate News,energy,1/1/23 13:58,461,/r/energy/comments/100k8mk/2022_will_be_remembered_as_the_year_the_us_became/,2,CupformyCosta,Funny how that works after the nord stream pipelines were destroyed in a massive explosion.,-2,1,darth_nadoma,They were already inactive in that moment,1/1/23 15:33,10
100muus,"The US passed a historic climate deal this year — here's a recap of what's in the bill. The Inflation Reduction Act will have major implications for energy and manufacturing businesses, climate startups and consumers in the upcoming years. ""most aggressive climate investment ever taken by Congress""",energy,1/1/23 16:14,619,/r/energy/comments/100muus/the_us_passed_a_historic_climate_deal_this_year/,0,androk,The dems snuck global warming legislation through by calling it inflation legislation. They finally used the Republican playbook to get some part of their agenda passed,36,0,lilac2481,They should do more of that.,1/2/23 14:29,7
100muus,"The US passed a historic climate deal this year — here's a recap of what's in the bill. The Inflation Reduction Act will have major implications for energy and manufacturing businesses, climate startups and consumers in the upcoming years. ""most aggressive climate investment ever taken by Congress""",energy,1/1/23 16:14,619,/r/energy/comments/100muus/the_us_passed_a_historic_climate_deal_this_year/,1,flyer456654,"This is a great bill, but for certain industries it's going to get quite interesting. For solar for instance, to get the 30% commercial ITC you need to do prevailing wage and union pay with a training program (great program for workers). This will increase the cost of arrays slightly, though not terribly.  To get the 10% adder, you need to buy American for a certain % of the total material costs (I believe it's 40%). This means buying American made steel/panels/copper, which will be in short supply since the existing manufacturing capacity, resulting in higher project costs (or developers simply not caring about the 10% adder).

There is a lot of complications in this bill and anyone thinking about developing projects in this space should 1)understand the specifics of this bill and 2) hire a really good accountant and owners rep to ensure compliance with all the specifics of the bill.

This is the single largest investment in a clean energy industry and we professionals need to move NOW to take advantage of it and deploy as much clean energy infrastructure as possible. My favorite part of this bill though is the ability to simply sell the tax credits, which eliminates the complex tax equity flip structures of the past!",25,0,Splenda,"The union stipulation will be interesting. Due to the extreme swings of the ""solar coaster"" as local incentives come and go, almost no solar installers are union shops. Many are fly-by-nights constantly moving their headquarters from state to state depending on incentives, then just hiring cheap, inexperienced kids to do door-to-door sales and farming out installation to local contractors.",1/1/23 20:18,12
100muus,"The US passed a historic climate deal this year — here's a recap of what's in the bill. The Inflation Reduction Act will have major implications for energy and manufacturing businesses, climate startups and consumers in the upcoming years. ""most aggressive climate investment ever taken by Congress""",energy,1/1/23 16:14,619,/r/energy/comments/100muus/the_us_passed_a_historic_climate_deal_this_year/,2,Machine_Gun_Bandit,Just another money laundering scheme.,-3,0,mafco,Why do you even bother posting stupid third-grade level comments like this? You just make yourself look like a fool.,1/2/23 16:31,3
100muus,"The US passed a historic climate deal this year — here's a recap of what's in the bill. The Inflation Reduction Act will have major implications for energy and manufacturing businesses, climate startups and consumers in the upcoming years. ""most aggressive climate investment ever taken by Congress""",energy,1/1/23 16:14,619,/r/energy/comments/100muus/the_us_passed_a_historic_climate_deal_this_year/,2,Machine_Gun_Bandit,Just another money laundering scheme.,-3,1,Mammoth-Wolverine-16,Exactly.,1/2/23 14:11,2
10127go,"Elon Musk's private jet emitted 1,895 tons of CO2 this year - ElonJet Wrapped 2022",environment,1/2/23 3:36,3537,/r/environment/comments/10127go/elon_musks_private_jet_emitted_1895_tons_of_co2/,0,ProSwitz,"For reference, the average American emits a bit over 14 tons of CO2 per year. Elon's jet alone emitted 135 times the average American, and that isn't taking into account the rest of Elon's emissions.",499,0,wetpaste,"Imagine every person has to sit in front of their carbon at the end of every year. 14 tons of material in a big ass pile in their front yard, overflowing into the streets. Now it’s stuck in the sky. And people think that doesn’t affect anything?",1/2/23 16:19,66
10127go,"Elon Musk's private jet emitted 1,895 tons of CO2 this year - ElonJet Wrapped 2022",environment,1/2/23 3:36,3537,/r/environment/comments/10127go/elon_musks_private_jet_emitted_1895_tons_of_co2/,0,ProSwitz,"For reference, the average American emits a bit over 14 tons of CO2 per year. Elon's jet alone emitted 135 times the average American, and that isn't taking into account the rest of Elon's emissions.",499,1,triggerfish1,"Or roughly 1,000 Indians.",1/2/23 8:30,71
10127go,"Elon Musk's private jet emitted 1,895 tons of CO2 this year - ElonJet Wrapped 2022",environment,1/2/23 3:36,3537,/r/environment/comments/10127go/elon_musks_private_jet_emitted_1895_tons_of_co2/,0,ProSwitz,"For reference, the average American emits a bit over 14 tons of CO2 per year. Elon's jet alone emitted 135 times the average American, and that isn't taking into account the rest of Elon's emissions.",499,2,,"Yeah, that doesn’t include all the hot air that is released from his head every year either.",1/2/23 16:59,7
10127go,"Elon Musk's private jet emitted 1,895 tons of CO2 this year - ElonJet Wrapped 2022",environment,1/2/23 3:36,3537,/r/environment/comments/10127go/elon_musks_private_jet_emitted_1895_tons_of_co2/,0,ProSwitz,"For reference, the average American emits a bit over 14 tons of CO2 per year. Elon's jet alone emitted 135 times the average American, and that isn't taking into account the rest of Elon's emissions.",499,3,coroyo70,I remember when he back peddled on allowing bitcoin as a currency to buy teslas because of the massive carbon footprint coin mines had,1/2/23 17:02,3
10127go,"Elon Musk's private jet emitted 1,895 tons of CO2 this year - ElonJet Wrapped 2022",environment,1/2/23 3:36,3537,/r/environment/comments/10127go/elon_musks_private_jet_emitted_1895_tons_of_co2/,0,ProSwitz,"For reference, the average American emits a bit over 14 tons of CO2 per year. Elon's jet alone emitted 135 times the average American, and that isn't taking into account the rest of Elon's emissions.",499,4,Quetzalcoatle19,Ok how many tons did Tesla reduce,1/2/23 22:47,-3
10127go,"Elon Musk's private jet emitted 1,895 tons of CO2 this year - ElonJet Wrapped 2022",environment,1/2/23 3:36,3537,/r/environment/comments/10127go/elon_musks_private_jet_emitted_1895_tons_of_co2/,0,ProSwitz,"For reference, the average American emits a bit over 14 tons of CO2 per year. Elon's jet alone emitted 135 times the average American, and that isn't taking into account the rest of Elon's emissions.",499,5,,[deleted],1/2/23 5:41,-88
10127go,"Elon Musk's private jet emitted 1,895 tons of CO2 this year - ElonJet Wrapped 2022",environment,1/2/23 3:36,3537,/r/environment/comments/10127go/elon_musks_private_jet_emitted_1895_tons_of_co2/,0,ProSwitz,"For reference, the average American emits a bit over 14 tons of CO2 per year. Elon's jet alone emitted 135 times the average American, and that isn't taking into account the rest of Elon's emissions.",499,6,Rustynail703,"Exactly, so Tesla cancelled al his emissions…",1/2/23 8:19,-92
10127go,"Elon Musk's private jet emitted 1,895 tons of CO2 this year - ElonJet Wrapped 2022",environment,1/2/23 3:36,3537,/r/environment/comments/10127go/elon_musks_private_jet_emitted_1895_tons_of_co2/,1,Antisym,"There should be a number at the bottom that tells you how much that is in reference to the average person.

7 Tons CO2 average, he produces 1,895 with his fucking jet - without the rest of his bullshit.",149,0,bugleweed,His GOP advocacy is probably far worse,1/2/23 9:04,60
10127go,"Elon Musk's private jet emitted 1,895 tons of CO2 this year - ElonJet Wrapped 2022",environment,1/2/23 3:36,3537,/r/environment/comments/10127go/elon_musks_private_jet_emitted_1895_tons_of_co2/,2,MindStalker,"He's a douchebag but Tesla has estimated to removed 8 millions of tons of CO2 per year.  That said, is he's taking CO2 credits for that, his jet should have to pay for CO2 credits.",-3,0,WanderingFlumph,"Right so we'll subtract 8 million from 1895 million to get his grand total of 1887 million. 

1887 million isn't that bad I mean it isn't even 1895 million! Could you imagine if it was that high? That would be so much more different!

Also Teslas don't remove CO2 that's just green washing. They emitted 8 million tons less than they would have if they used gasoline. They still emit quite a lot of CO2 they are just slightly better but still advancing us towards that mark of 1.5 degrees of warming.",1/2/23 23:28,1
10127go,"Elon Musk's private jet emitted 1,895 tons of CO2 this year - ElonJet Wrapped 2022",environment,1/2/23 3:36,3537,/r/environment/comments/10127go/elon_musks_private_jet_emitted_1895_tons_of_co2/,2,MindStalker,"He's a douchebag but Tesla has estimated to removed 8 millions of tons of CO2 per year.  That said, is he's taking CO2 credits for that, his jet should have to pay for CO2 credits.",-3,1,Regentraven,"On what BS carbon accounting count? They make anywhere from 3-16 tons per battery with mining let alone construction of the car.

Personal ICU travel is almost nothing for emissions. Generation, shipping, agriculture all dwarf them. Tesla isnt the environmental becon you think it is. Its the most minor (but feels like a major) step consumers can take and then still fly, buy plastic and pollute elsewhere 10x more impactfully than driving.",1/2/23 16:22,-1
10127go,"Elon Musk's private jet emitted 1,895 tons of CO2 this year - ElonJet Wrapped 2022",environment,1/2/23 3:36,3537,/r/environment/comments/10127go/elon_musks_private_jet_emitted_1895_tons_of_co2/,3,KingLuis,"So he goes and creates Tesla and spacex and all these things people like and no one says anything. Then he buys twitter and people start hating on him and bringing up all the “bad” stuff he does that no one mentions before?
Why not shame all the celebrities that do it too?
Taylor Swift is touring and probably flying around everywhere in a private jet.",-3,0,RunTellDaat,"She’s been shamed.  Elon is a top shelf douche, why are you sticking up for him?  SpaceX is a colossal polluter, and completely frivolous and unnecessary",1/2/23 14:37,9
10127go,"Elon Musk's private jet emitted 1,895 tons of CO2 this year - ElonJet Wrapped 2022",environment,1/2/23 3:36,3537,/r/environment/comments/10127go/elon_musks_private_jet_emitted_1895_tons_of_co2/,4,LordOfRuinsOtherSelf,"So what? Is that Elon, or many different people working for Elon doing corporate stuff? Why just single one guy out. He's not the worst at this. Is it because he's the latest social media target?

So, which group of people are actually the worst and should be shamed?  We could do with a league table. If Elon is at the top then fuck, nail him. But I doubt it. We should concentrate our efforts on people who are truly fucking the world over. Elon may be a dick but we're ignoring the true assholes here.",-21,0,RunTellDaat,"It’s still a lot of emissions, just because he may or may not be in the top ten doesn’t mean he should t be publicly shamed, especially when so many people think he’s some kind of god.",1/2/23 14:29,8
10127go,"Elon Musk's private jet emitted 1,895 tons of CO2 this year - ElonJet Wrapped 2022",environment,1/2/23 3:36,3537,/r/environment/comments/10127go/elon_musks_private_jet_emitted_1895_tons_of_co2/,5,,I wonder how many tons of co2 have been reduced by using Tesla cars worldwide?,-31,0,ichbin1berliner,"Not as many as you think, as Tesla is selling off it's carbon credits.",1/2/23 10:18,24
10127go,"Elon Musk's private jet emitted 1,895 tons of CO2 this year - ElonJet Wrapped 2022",environment,1/2/23 3:36,3537,/r/environment/comments/10127go/elon_musks_private_jet_emitted_1895_tons_of_co2/,6,,#...is that a lot?,-13,0,CraZyBob,"135 times as much as the average American, for just the jet...",1/2/23 13:46,9
1015sn4,Responsibly festive,zerowaste,1/2/23 6:46,3213,/r/ZeroWaste/comments/1015sn4/responsibly_festive/,0,joan_train,good for a century!,235,0,freakverse,"They will be good again after another 18,000 years",1/2/23 13:14,102
1015sn4,Responsibly festive,zerowaste,1/2/23 6:46,3213,/r/ZeroWaste/comments/1015sn4/responsibly_festive/,1,,[removed],-30,0,e3mily2,I would argue buying one thing every 100 years IS sustainable,1/2/23 14:24,55
1015sn4,Responsibly festive,zerowaste,1/2/23 6:46,3213,/r/ZeroWaste/comments/1015sn4/responsibly_festive/,1,,[removed],-30,1,tone_and_timbre,And then we learn not to take everything so seriously all the time,1/2/23 13:29,41
1015xcs,"President Joe Biden’s administration on Friday finalized regulations that protect hundreds of thousands of small streams, wetlands and other waterways, repealing a Trump-era rule that federal courts had thrown out and that environmentalists said left waterways vulnerable to pollution",environment,1/2/23 6:53,3266,/r/environment/comments/1015xcs/president_joe_bidens_administration_on_friday/,0,rja49,It's pathetic that something as critical as environmental protection is weaponized politically.,160,0,thequietthingsthat,"Crazy to think that it was a bipartisan issue *50 years ago* and is now considered ""controversial.""",1/2/23 17:12,46
1015xcs,"President Joe Biden’s administration on Friday finalized regulations that protect hundreds of thousands of small streams, wetlands and other waterways, repealing a Trump-era rule that federal courts had thrown out and that environmentalists said left waterways vulnerable to pollution",environment,1/2/23 6:53,3266,/r/environment/comments/1015xcs/president_joe_bidens_administration_on_friday/,0,rja49,It's pathetic that something as critical as environmental protection is weaponized politically.,160,1,VINCE_C_,"If the only thing you look for is making the other guy mad, everything is a weapon. I mean don't you get mad when your local stream gets poisoned so big ass corporation can save 0.01$/unit? Corporations love MAGAs because they can hide their greed behind the rabid stupidity of Q freaks.

edit: typo",1/2/23 22:00,10
1015xcs,"President Joe Biden’s administration on Friday finalized regulations that protect hundreds of thousands of small streams, wetlands and other waterways, repealing a Trump-era rule that federal courts had thrown out and that environmentalists said left waterways vulnerable to pollution",environment,1/2/23 6:53,3266,/r/environment/comments/1015xcs/president_joe_bidens_administration_on_friday/,0,rja49,It's pathetic that something as critical as environmental protection is weaponized politically.,160,2,TempUsername3369,Do it for the gram,1/2/23 16:56,6
1015xcs,"President Joe Biden’s administration on Friday finalized regulations that protect hundreds of thousands of small streams, wetlands and other waterways, repealing a Trump-era rule that federal courts had thrown out and that environmentalists said left waterways vulnerable to pollution",environment,1/2/23 6:53,3266,/r/environment/comments/1015xcs/president_joe_bidens_administration_on_friday/,1,spellicuplmao,"This administrations definition of a WOTUS has been anticipated for some time, professionals in development and engineering need a concrete and long lasting definition on what is and isn’t protected so that it doesn’t keep flip-flopping with each change in administration.",3,0,thr3sk,"Yes ideally the definitions will be consistent and people will be able to plan long term around them, but catering to the interest of development should not be the primary focus, that should be on protecting the environment.",1/3/23 4:03,2
1015xcs,"President Joe Biden’s administration on Friday finalized regulations that protect hundreds of thousands of small streams, wetlands and other waterways, repealing a Trump-era rule that federal courts had thrown out and that environmentalists said left waterways vulnerable to pollution",environment,1/2/23 6:53,3266,/r/environment/comments/1015xcs/president_joe_bidens_administration_on_friday/,2,ripnlips1,It is amazing how the progressives ignore court orders when they disagree with them.,-23,0,A_Classic_Guardsman,"""Repealing a Trump-era rule that federal courts had thrown out""

As in they said no to the Trump thing.

[Here's the paragraph from the article that agrees with my interpretation](https://apnews.com/article/biden-politics-arizona-state-government-donald-trump-8d46b14c20cb0effcb52ace48220dcce)",1/2/23 15:54,11
1015xcs,"President Joe Biden’s administration on Friday finalized regulations that protect hundreds of thousands of small streams, wetlands and other waterways, repealing a Trump-era rule that federal courts had thrown out and that environmentalists said left waterways vulnerable to pollution",environment,1/2/23 6:53,3266,/r/environment/comments/1015xcs/president_joe_bidens_administration_on_friday/,2,ripnlips1,It is amazing how the progressives ignore court orders when they disagree with them.,-23,1,NeadNathair,It's amazing how conservatives want to shit all over the planet we have to live on.,1/2/23 16:46,14
1015xcs,"President Joe Biden’s administration on Friday finalized regulations that protect hundreds of thousands of small streams, wetlands and other waterways, repealing a Trump-era rule that federal courts had thrown out and that environmentalists said left waterways vulnerable to pollution",environment,1/2/23 6:53,3266,/r/environment/comments/1015xcs/president_joe_bidens_administration_on_friday/,2,ripnlips1,It is amazing how the progressives ignore court orders when they disagree with them.,-23,2,drumsareneat,Gotta love the ignorance on display here.,1/2/23 17:30,7
1015xcs,"President Joe Biden’s administration on Friday finalized regulations that protect hundreds of thousands of small streams, wetlands and other waterways, repealing a Trump-era rule that federal courts had thrown out and that environmentalists said left waterways vulnerable to pollution",environment,1/2/23 6:53,3266,/r/environment/comments/1015xcs/president_joe_bidens_administration_on_friday/,2,ripnlips1,It is amazing how the progressives ignore court orders when they disagree with them.,-23,3,jawsthemeflying,"> repealing a Trump-era rule that federal courts *had thrown out*

Are you incapable of reading?",1/2/23 17:14,3
1016awk,"As Lula starts his term in Brazil, he restored authority to Brazil’s EPA Ibama, revoked a measure that encouraged illegal mining on protected indigenous lands, and unfroze a billion dollar ‘Amazon fund’ that backs sustainability projects.",climateactionplan,1/2/23 7:15,699,/r/ClimateActionPlan/comments/1016awk/as_lula_starts_his_term_in_brazil_he_restored/,0,,If someone could do the same for Peru right now...,20,0,_Durendal_,"This comment got me reading about what's been happening in Peru recently, how did I not hear about Castillo's removal from office until now??",1/2/23 17:48,9
1017rbf,RANT: so sick of big name stores keeping lights/signs on 24/7,sustainability,1/2/23 8:43,535,/r/sustainability/comments/1017rbf/rant_so_sick_of_big_name_stores_keeping/,0,phil_style,"When it comes to many grocery stores, often night times are almost as active as normal business hour, at least as far as staff are concerned. 
This is when many of the products are shipped in and stacked onto the shelves.

So, in order to not be exposed to health and safety risk, they need to have the lights on to protect the workforce.

The external advertising sign is another matter and probably should be turned off.",160,0,Cole3823,The outside sign is basically a free billboard advertising the store.  That's why they never turn it off.  Does make sense to from a business perspective.  Just another reason capitalism sucks.,1/2/23 16:14,55
1017rbf,RANT: so sick of big name stores keeping lights/signs on 24/7,sustainability,1/2/23 8:43,535,/r/sustainability/comments/1017rbf/rant_so_sick_of_big_name_stores_keeping/,1,thechosenronin,"You think that's bad? There are multiple abandoned gas stations in my town, cleaned out and boarded up, that have all the internal lights on and logo out front fully lit up 24/7 and have been like that for well over a year straight. 24/7.",49,0,spacefrog43,Go in and turn them off lol,1/2/23 11:54,29
1017rbf,RANT: so sick of big name stores keeping lights/signs on 24/7,sustainability,1/2/23 8:43,535,/r/sustainability/comments/1017rbf/rant_so_sick_of_big_name_stores_keeping/,1,thechosenronin,"You think that's bad? There are multiple abandoned gas stations in my town, cleaned out and boarded up, that have all the internal lights on and logo out front fully lit up 24/7 and have been like that for well over a year straight. 24/7.",49,1,EcoRep,"Complain to your town's governing body?

However, turning them off yourself as u/spacefrog43 suggested sounds so much more satisfying ;)",1/2/23 12:14,25
1017rbf,RANT: so sick of big name stores keeping lights/signs on 24/7,sustainability,1/2/23 8:43,535,/r/sustainability/comments/1017rbf/rant_so_sick_of_big_name_stores_keeping/,1,thechosenronin,"You think that's bad? There are multiple abandoned gas stations in my town, cleaned out and boarded up, that have all the internal lights on and logo out front fully lit up 24/7 and have been like that for well over a year straight. 24/7.",49,2,AstroRiker,Is that to reduce vandalism and squatting? So you can clearly see if someone is inside?,1/2/23 12:55,16
10185m4,New record as wind and solar power account for close to 60 percent of Denmark’s annual energy consumption,renewableenergy,1/2/23 9:08,188,/r/RenewableEnergy/comments/10185m4/new_record_as_wind_and_solar_power_account_for/,0,iqisoverrated,"Electricity. Not energy. I wish journalists would stop confusing the two. Electricity only makes up a small part of the total energy consumption.
It makes it seem like countries are already close to a fully renewable system when in reality they're still very far off.",17,0,ziddyzoo,"yeah so true, came here to make this same comment. 

nevertheless, solar and wind as 60% of annual electricity consumption is still significant. 

when that consumption figure includes transport and heating majority electrified too, then we will really be firing the big guns.",1/2/23 14:50,10
10185m4,New record as wind and solar power account for close to 60 percent of Denmark’s annual energy consumption,renewableenergy,1/2/23 9:08,188,/r/RenewableEnergy/comments/10185m4/new_record_as_wind_and_solar_power_account_for/,1,OptionApart,"59.3% in 2022 vs 47.1% in previous year.

BTW 59.3 - 47.1 is an increase of 12.2 on percentage basis not 11.8 as reported.

Wish they posted consumption data as without consumption hard to know exactly what this means.",6,0,,"Denmark is tiny and very monolithic, much smaller in land mass and population than a lot of US states.",1/2/23 13:43,-6
101czq5,"New electrolyzer to split saltwater into hydrogen. Chinese scientists have developed a new way to split seawater into H2 without using a separate desalination process. Water migrates from the seawater across the membrane to the SDE, without extra energy consumption",energy,1/2/23 13:46,365,/r/energy/comments/101czq5/new_electrolyzer_to_split_saltwater_into_hydrogen/,0,Kruidmoetvloeien,Ah u/chopchopped at it again with the hydrogen propaganda.,8,0,paulwesterberg,What would a new year be without new hydrogen propaganda.,1/2/23 16:51,10
