level,seed,model_name,accuracy,precision,recall,f1,roc_auc,average_precision,positive_rate_test
comment,1,Logistic Regression,0.6377171215880894,0.33712660028449504,0.8404255319148937,0.4812182741116751,0.7748888799856709,0.39721142008692784,0.1999291031549096
post,1,Random Forest,0.8766692851531814,0.6237373737373737,0.9686274509803922,0.7588325652841782,0.9542316730228437,0.8147953926655879,0.20031421838177532
comment,7,Logistic Regression,0.6481744062389224,0.3443516164184526,0.8404255319148937,0.48853388301984024,0.7823147528414357,0.3935993003305839,0.1999291031549096
post,7,Random Forest,0.8813825608798115,0.6397849462365591,0.9333333333333333,0.759170653907496,0.9518394391155284,0.7885518833974988,0.20031421838177532
comment,21,Logistic Regression,0.6279688053881602,0.32946961714085,0.8315602836879432,0.4719496855345912,0.770330759779661,0.39761591051476575,0.1999291031549096
post,21,Random Forest,0.8774548311076198,0.6259541984732825,0.9647058823529412,0.7592592592592593,0.9529758465272159,0.7772944999424316,0.20031421838177532
comment,42,Logistic Regression,0.6448068060971287,0.3447909284195606,0.8625886524822695,0.49265822784810126,0.7914180312157292,0.4126015406209976,0.1999291031549096
post,42,Random Forest,0.8868813825608798,0.6472148541114059,0.9568627450980393,0.7721518987341772,0.9574174660040833,0.7985121938187193,0.20031421838177532
comment,99,Logistic Regression,0.6394895427153492,0.33947554925584694,0.849290780141844,0.4850632911392405,0.7773398834830646,0.38891683173710667,0.1999291031549096
post,99,Random Forest,0.8868813825608798,0.648,0.9529411764705882,0.7714285714285715,0.95585346122732,0.8132130211706113,0.20031421838177532
