model_name,level,outcome,term,coefficient,std_error,p_value,significance
C1,comment,comment_heat_composite,negative_score_z,0.32129010420641424,0.02653427522842253,1.1545171328436166e-33,***
C1,comment,comment_heat_composite,arousal_score_z,0.10164744107757669,0.01662311494108822,9.793214586437182e-10,***
C1,comment,comment_heat_composite,sentiment_valence_z,0.4100233167790287,0.024612548018191335,5.147198016722564e-62,***
C1,comment,comment_heat_composite,emotion_intensity_z,-0.2295026479774419,0.015406016135002129,5.348100382734119e-50,***
C2,comment,comment_upvotes_log,negative_score_z,0.3080797616184093,0.021860445459737685,5.959498514900393e-45,***
C2,comment,comment_upvotes_log,arousal_score_z,0.09995948835557028,0.013695067772243543,2.9770530335892497e-13,***
C2,comment,comment_upvotes_log,sentiment_valence_z,0.41301485207718935,0.020277217257493308,1.456369528514895e-91,***
C2,comment,comment_upvotes_log,emotion_intensity_z,-0.22551056476903064,0.012692352535421959,3.054693925224403e-70,***
C3,comment,reply_count_log,negative_score_z,0.02074594854679092,0.00611974997508428,0.0006998858981023946,***
C3,comment,reply_count_log,arousal_score_z,-0.006181592535557652,0.0038338830200110034,0.10689522185441272,n.s.
C3,comment,reply_count_log,sentiment_valence_z,-0.006582103768711734,0.00567653115920595,0.24625035403227571,n.s.
C3,comment,reply_count_log,emotion_intensity_z,-0.005201444334748922,0.0035531766383932357,0.14323634361693918,n.s.
C4,comment,high_heat_comment_top20,negative_score_z,0.35116738214304843,0.03500576905487808,1.1059551854768511e-23,***
C4,comment,high_heat_comment_top20,arousal_score_z,0.08276792361835766,0.02130994653806266,0.00010275009621195673,***
C4,comment,high_heat_comment_top20,sentiment_valence_z,0.3986057557119434,0.031601261030516435,1.7768080597801002e-36,***
C4,comment,high_heat_comment_top20,emotion_intensity_z,-0.22187997693452569,0.021005051000291465,4.414838124967494e-26,***
P1,post,post_heat_log,emotion_conflict_index_z,0.06954840188062383,0.009923122718789652,2.7420937909612135e-12,***
P1,post,post_heat_log,emotion_jsd_polarization_z,0.00834945277664543,0.011499338870762451,0.46782479771579816,n.s.
P1,post,post_heat_log,high_arousal_share_z,0.032412303565981244,0.016405463405092306,0.04824631169586627,*
P1,post,post_heat_log,negative_share_z,0.012178222619133452,0.014972247247881695,0.41603728448560523,n.s.
P1,post,post_heat_log,dominant_emotion_entropy_z,-0.037364022950707274,0.017167267667574558,0.029569291400059386,*
P1,post,post_heat_log,mean_negative_score_z,-0.026881926322874866,0.01893036058972949,0.1556607454478995,n.s.
P1,post,post_heat_log,mean_arousal_score_z,0.004117729750059037,0.017241188334543276,0.8112469503807963,n.s.
P1,post,post_heat_log,mean_sentiment_valence_z,0.003466652530245706,0.019826862819139396,0.8612078963584558,n.s.
P2,post,engagement_heat,emotion_conflict_index_z,0.5534632432315446,0.04114777837070609,1.6674509100808743e-40,***
P2,post,engagement_heat,emotion_jsd_polarization_z,-0.2627607426817987,0.04768380485387092,3.7674068838890365e-08,***
P2,post,engagement_heat,high_arousal_share_z,0.10637670302513609,0.06802781658471767,0.11794906370051746,n.s.
P2,post,engagement_heat,negative_share_z,-0.07405713508334906,0.06208476191680055,0.2329919138837942,n.s.
P2,post,engagement_heat,dominant_emotion_entropy_z,-0.056423985523455046,0.07118675695488193,0.4280393183740084,n.s.
P2,post,engagement_heat,mean_negative_score_z,0.06650907263606605,0.07849769715623828,0.39688497050921157,n.s.
P2,post,engagement_heat,mean_arousal_score_z,0.09399739563447258,0.07149328054706569,0.18864982224322327,n.s.
P2,post,engagement_heat,mean_sentiment_valence_z,0.033934797388409696,0.08221518368643632,0.6798041243861791,n.s.
P3,post,comment_discussion_heat,emotion_conflict_index_z,0.4106742459301717,0.019938170569525657,2.3045402907292758e-90,***
P3,post,comment_discussion_heat,emotion_jsd_polarization_z,-0.18888511978066913,0.023105204514693698,3.759880912053321e-16,***
P3,post,comment_discussion_heat,high_arousal_share_z,0.024127450080271496,0.03296290259753415,0.46423048003615797,n.s.
P3,post,comment_discussion_heat,negative_share_z,-0.05789559573047562,0.030083193355265433,0.054349527940810535,n.s.
P3,post,comment_discussion_heat,dominant_emotion_entropy_z,-0.002160685988133251,0.03449356827167745,0.9500556056623246,n.s.
P3,post,comment_discussion_heat,mean_negative_score_z,0.041752991242268694,0.03803608693319574,0.2723821748374272,n.s.
P3,post,comment_discussion_heat,mean_arousal_score_z,0.013402816571084983,0.0346420943867324,0.6988520444819002,n.s.
P3,post,comment_discussion_heat,mean_sentiment_valence_z,-0.0013349660122170428,0.03983739634682304,0.9732690010908955,n.s.
P4,post,high_heat_post_top20,emotion_conflict_index_z,0.32292301006471097,0.06943900828942595,3.3120289026747196e-06,***
P4,post,high_heat_post_top20,emotion_jsd_polarization_z,0.008145955547177463,0.08567760606165026,0.9242537983280394,n.s.
P4,post,high_heat_post_top20,high_arousal_share_z,0.028069389014775268,0.11656461129452568,0.8097059364145571,n.s.
P4,post,high_heat_post_top20,negative_share_z,0.02047675471049808,0.1115154486410696,0.8543095457745089,n.s.
P4,post,high_heat_post_top20,dominant_emotion_entropy_z,0.09262100329775227,0.1444455848090403,0.5213815318349275,n.s.
P4,post,high_heat_post_top20,mean_negative_score_z,-0.13805565570974088,0.12909046126260457,0.2848674292638461,n.s.
P4,post,high_heat_post_top20,mean_arousal_score_z,0.1472541820414966,0.11909941621551379,0.21631096479528678,n.s.
P4,post,high_heat_post_top20,mean_sentiment_valence_z,0.09392034475781172,0.12298994584048238,0.4450803391473913,n.s.
