model_name,level,outcome,term,coefficient,std_error,p_value,ci_low,ci_high,nobs,r_squared,pseudo_r_squared,aic,bic,significance,interpretation_direction
C1,comment,comment_heat_composite,negative_score_z,0.32129010420641424,0.02653427522842253,1.1545171328436166e-33,0.269281647054542,0.3732985613582865,28208.0,0.16045177593113868,,121037.12428125816,121218.56622116019,***,positive association
C1,comment,comment_heat_composite,arousal_score_z,0.10164744107757669,0.01662311494108822,9.793214586437182e-10,0.06906533534068554,0.13422954681446783,28208.0,0.16045177593113868,,121037.12428125816,121218.56622116019,***,positive association
C1,comment,comment_heat_composite,sentiment_valence_z,0.4100233167790287,0.024612548018191335,5.147198016722564e-62,0.36178153749608266,0.45826509606197474,28208.0,0.16045177593113868,,121037.12428125816,121218.56622116019,***,positive association
C1,comment,comment_heat_composite,emotion_intensity_z,-0.2295026479774419,0.015406016135002129,5.348100382734119e-50,-0.2596991814474818,-0.19930611450740204,28208.0,0.16045177593113868,,121037.12428125816,121218.56622116019,***,negative association
C2,comment,comment_upvotes_log,negative_score_z,0.3080797616184093,0.021860445459737685,5.959498514900393e-45,0.26523223587194483,0.3509272873648737,28208.0,0.16309612701516074,,110106.048033017,110287.48997291902,***,positive association
C2,comment,comment_upvotes_log,arousal_score_z,0.09995948835557028,0.013695067772243543,2.9770530335892497e-13,0.07311649606378275,0.12680248064735783,28208.0,0.16309612701516074,,110106.048033017,110287.48997291902,***,positive association
C2,comment,comment_upvotes_log,sentiment_valence_z,0.41301485207718935,0.020277217257493308,1.456369528514895e-91,0.37327052984426434,0.45275917431011437,28208.0,0.16309612701516074,,110106.048033017,110287.48997291902,***,positive association
C2,comment,comment_upvotes_log,emotion_intensity_z,-0.22551056476903064,0.012692352535421959,3.054693925224403e-70,-0.25038818691293097,-0.20063294262513032,28208.0,0.16309612701516074,,110106.048033017,110287.48997291902,***,negative association
C3,comment,reply_count_log,negative_score_z,0.02074594854679092,0.00611974997508428,0.0006998858981023946,0.008750943911487608,0.03274095318209423,28208.0,0.030873650245435535,,38279.58783096087,38461.02977086289,***,positive association
C3,comment,reply_count_log,arousal_score_z,-0.006181592535557652,0.0038338830200110034,0.10689522185441272,-0.013696187867633994,0.001333002796518691,28208.0,0.030873650245435535,,38279.58783096087,38461.02977086289,n.s.,negative association
C3,comment,reply_count_log,sentiment_valence_z,-0.006582103768711734,0.00567653115920595,0.24625035403227571,-0.01770837818259109,0.004544170645167621,28208.0,0.030873650245435535,,38279.58783096087,38461.02977086289,n.s.,negative association
C3,comment,reply_count_log,emotion_intensity_z,-0.005201444334748922,0.0035531766383932357,0.14323634361693918,-0.012165841642008414,0.0017629529725105703,28208.0,0.030873650245435535,,38279.58783096087,38461.02977086289,n.s.,negative association
C4,comment,high_heat_comment_top20,negative_score_z,0.35116738214304843,0.03500576905487808,1.1059551854768511e-23,0.2825573355443607,0.4197774287417362,28208.0,,0.17517504408366447,23330.303193808642,23511.745133710672,***,positive association
C4,comment,high_heat_comment_top20,arousal_score_z,0.08276792361835766,0.02130994653806266,0.00010275009621195673,0.041001195891280845,0.12453465134543448,28208.0,,0.17517504408366447,23330.303193808642,23511.745133710672,***,positive association
C4,comment,high_heat_comment_top20,sentiment_valence_z,0.3986057557119434,0.031601261030516435,1.7768080597801002e-36,0.33666842222608206,0.46054308919780473,28208.0,,0.17517504408366447,23330.303193808642,23511.745133710672,***,positive association
C4,comment,high_heat_comment_top20,emotion_intensity_z,-0.22187997693452569,0.021005051000291465,4.414838124967494e-26,-0.263049120388524,-0.18071083348052738,28208.0,,0.17517504408366447,23330.303193808642,23511.745133710672,***,negative association
P1,post,post_heat_log,emotion_conflict_index_z,0.06954840188062383,0.009923122718789652,2.7420937909612135e-12,0.05009448476489977,0.08900231899634789,4779.0,0.8184971155264347,,7685.503424659145,7853.775076222177,***,positive association
P1,post,post_heat_log,emotion_jsd_polarization_z,0.00834945277664543,0.011499338870762451,0.46782479771579816,-0.014194578131472046,0.030893483684762905,4779.0,0.8184971155264347,,7685.503424659145,7853.775076222177,n.s.,positive association
P1,post,post_heat_log,high_arousal_share_z,0.032412303565981244,0.016405463405092306,0.04824631169586627,0.00024999595656396284,0.06457461117539853,4779.0,0.8184971155264347,,7685.503424659145,7853.775076222177,*,positive association
P1,post,post_heat_log,negative_share_z,0.012178222619133452,0.014972247247881695,0.41603728448560523,-0.01717431742805292,0.041530762666319825,4779.0,0.8184971155264347,,7685.503424659145,7853.775076222177,n.s.,positive association
P1,post,post_heat_log,dominant_emotion_entropy_z,-0.037364022950707274,0.017167267667574558,0.029569291400059386,-0.07101981979740597,-0.0037082261040085746,4779.0,0.8184971155264347,,7685.503424659145,7853.775076222177,*,negative association
P1,post,post_heat_log,mean_negative_score_z,-0.026881926322874866,0.01893036058972949,0.1556607454478995,-0.0639942019965436,0.010230349350793873,4779.0,0.8184971155264347,,7685.503424659145,7853.775076222177,n.s.,negative association
P1,post,post_heat_log,mean_arousal_score_z,0.004117729750059037,0.017241188334543276,0.8112469503807963,-0.029682985845414733,0.037918445345532806,4779.0,0.8184971155264347,,7685.503424659145,7853.775076222177,n.s.,positive association
P1,post,post_heat_log,mean_sentiment_valence_z,0.003466652530245706,0.019826862819139396,0.8612078963584558,-0.03540318279064761,0.042336487851139026,4779.0,0.8184971155264347,,7685.503424659145,7853.775076222177,n.s.,positive association
P2,post,engagement_heat,emotion_conflict_index_z,0.5534632432315446,0.04114777837070609,1.6674509100808743e-40,0.47279453715939634,0.6341319493036929,4779.0,0.6751719183634726,,21279.868570477083,21448.140222040114,***,positive association
P2,post,engagement_heat,emotion_jsd_polarization_z,-0.2627607426817987,0.04768380485387092,3.7674068838890365e-08,-0.35624308827781404,-0.16927839708578338,4779.0,0.6751719183634726,,21279.868570477083,21448.140222040114,***,negative association
P2,post,engagement_heat,high_arousal_share_z,0.10637670302513609,0.06802781658471767,0.11794906370051746,-0.026989329312333124,0.23974273536260532,4779.0,0.6751719183634726,,21279.868570477083,21448.140222040114,n.s.,positive association
P2,post,engagement_heat,negative_share_z,-0.07405713508334906,0.06208476191680055,0.2329919138837942,-0.19577202733112092,0.04765775716442282,4779.0,0.6751719183634726,,21279.868570477083,21448.140222040114,n.s.,negative association
P2,post,engagement_heat,dominant_emotion_entropy_z,-0.056423985523455046,0.07118675695488193,0.4280393183740084,-0.1959830042701648,0.08313503322325472,4779.0,0.6751719183634726,,21279.868570477083,21448.140222040114,n.s.,negative association
P2,post,engagement_heat,mean_negative_score_z,0.06650907263606605,0.07849769715623828,0.39688497050921157,-0.08738277547754174,0.22040092074967382,4779.0,0.6751719183634726,,21279.868570477083,21448.140222040114,n.s.,positive association
P2,post,engagement_heat,mean_arousal_score_z,0.09399739563447258,0.07149328054706569,0.18864982224322327,-0.046162551340713634,0.23415734260965881,4779.0,0.6751719183634726,,21279.868570477083,21448.140222040114,n.s.,positive association
P2,post,engagement_heat,mean_sentiment_valence_z,0.033934797388409696,0.08221518368643632,0.6798041243861791,-0.12724504633774397,0.19511464111456334,4779.0,0.6751719183634726,,21279.868570477083,21448.140222040114,n.s.,positive association
P3,post,comment_discussion_heat,emotion_conflict_index_z,0.4106742459301717,0.019938170569525657,2.3045402907292758e-90,0.3715861958585677,0.4497622960017757,4779.0,0.31807357936651803,,14354.773329246018,14523.04498080905,***,positive association
P3,post,comment_discussion_heat,emotion_jsd_polarization_z,-0.18888511978066913,0.023105204514693698,3.759880912053321e-16,-0.23418202341762523,-0.14358821614371303,4779.0,0.31807357936651803,,14354.773329246018,14523.04498080905,***,negative association
P3,post,comment_discussion_heat,high_arousal_share_z,0.024127450080271496,0.03296290259753415,0.46423048003615797,-0.04049510807996161,0.0887500082405046,4779.0,0.31807357936651803,,14354.773329246018,14523.04498080905,n.s.,positive association
P3,post,comment_discussion_heat,negative_share_z,-0.05789559573047562,0.030083193355265433,0.054349527940810535,-0.11687258983752999,0.0010813983765787447,4779.0,0.31807357936651803,,14354.773329246018,14523.04498080905,n.s.,negative association
P3,post,comment_discussion_heat,dominant_emotion_entropy_z,-0.002160685988133251,0.03449356827167745,0.9500556056623246,-0.06978405790433083,0.06546268592806433,4779.0,0.31807357936651803,,14354.773329246018,14523.04498080905,n.s.,negative association
P3,post,comment_discussion_heat,mean_negative_score_z,0.041752991242268694,0.03803608693319574,0.2723821748374272,-0.032815358215281754,0.11632134069981914,4779.0,0.31807357936651803,,14354.773329246018,14523.04498080905,n.s.,positive association
P3,post,comment_discussion_heat,mean_arousal_score_z,0.013402816571084983,0.0346420943867324,0.6988520444819002,-0.05451173533085725,0.08131736847302722,4779.0,0.31807357936651803,,14354.773329246018,14523.04498080905,n.s.,positive association
P3,post,comment_discussion_heat,mean_sentiment_valence_z,-0.0013349660122170428,0.03983739634682304,0.9732690010908955,-0.07943471632265882,0.07676478429822474,4779.0,0.31807357936651803,,14354.773329246018,14523.04498080905,n.s.,negative association
P4,post,high_heat_post_top20,emotion_conflict_index_z,0.32292301006471097,0.06943900828942595,3.3120289026747196e-06,0.18682505469525784,0.4590209654341641,4779.0,,0.547045387829219,2503.5581423271396,2671.829793890172,***,positive association
P4,post,high_heat_post_top20,emotion_jsd_polarization_z,0.008145955547177463,0.08567760606165026,0.9242537983280394,-0.15977906661526767,0.17607097770962257,4779.0,,0.547045387829219,2503.5581423271396,2671.829793890172,n.s.,positive association
P4,post,high_heat_post_top20,high_arousal_share_z,0.028069389014775268,0.11656461129452568,0.8097059364145571,-0.20039305099440588,0.25653182902395644,4779.0,,0.547045387829219,2503.5581423271396,2671.829793890172,n.s.,positive association
P4,post,high_heat_post_top20,negative_share_z,0.02047675471049808,0.1115154486410696,0.8543095457745089,-0.19808950834582445,0.23904301776682063,4779.0,,0.547045387829219,2503.5581423271396,2671.829793890172,n.s.,positive association
P4,post,high_heat_post_top20,dominant_emotion_entropy_z,0.09262100329775227,0.1444455848090403,0.5213815318349275,-0.19048714065379266,0.3757291472492972,4779.0,,0.547045387829219,2503.5581423271396,2671.829793890172,n.s.,positive association
P4,post,high_heat_post_top20,mean_negative_score_z,-0.13805565570974088,0.12909046126260457,0.2848674292638461,-0.39106831053210883,0.11495699911262708,4779.0,,0.547045387829219,2503.5581423271396,2671.829793890172,n.s.,negative association
P4,post,high_heat_post_top20,mean_arousal_score_z,0.1472541820414966,0.11909941621551379,0.21631096479528678,-0.08617638432065614,0.3806847484036493,4779.0,,0.547045387829219,2503.5581423271396,2671.829793890172,n.s.,positive association
P4,post,high_heat_post_top20,mean_sentiment_valence_z,0.09392034475781172,0.12298994584048238,0.4450803391473913,-0.14713551955006557,0.33497620906568903,4779.0,,0.547045387829219,2503.5581423271396,2671.829793890172,n.s.,positive association
