topic_id,topic_label_zh,topic_label_en
-1,未分配,Unassigned
0,气候变化综合讨论与全球影响,General Climate Change Discussion and Global Impacts
1,油气能源、煤炭与价格争议,"Oil, Gas, Coal, and Energy Price Debate"
2,气候历史、冰期与长期变暖尺度,"Climate History, Ice Ages, and Long-Term Warming"
3,太阳能、风能、核电与电网转型,"Solar, Wind, Nuclear Power, and Grid Transition"
4,塑料污染、零废弃与循环消费,"Plastic Pollution, Zero Waste, and Circular Consumption"
5,化石燃料产业、碳排放与能源转型,"Fossil Fuel Industry, Carbon Emissions, and Energy Transition"
6,怀疑、否认与消极态度表达,"Skepticism, Denial, and Negative Personal Attitudes"
7,肉类消费、素食主义与饮食转型,"Meat Consumption, Veganism, and Dietary Transition"
8,行动呼吁、电动车与基础设施建设,"Calls for Action, EVs, and Infrastructure Development"
9,好消息、积极评价与解决方案想象,"Good News, Positive Evaluation, and Solution Framing"
